2020-03-14-intervencion_presidente,,2020-03-17-Intervencion_presidente_ERTES_conciliacion,,2020-03-19_Rueda_prensa_comite_tecnico,,2020-03-19_Rueda_prensa_min_sanidad_y_vice_segundo,
Veces,Palabra,Veces,Palabra,Veces,Palabra,Veces,Palabra
37,medidas,34,social,27,casos,29,gobierno
25,gobierno,33,medidas,20,datos,27,sociales
21,virus,32,gobierno,17,porciento,26,social
18,alarma,28,empresas,15,mil,21,medidas
18,gracias,25,crisis,15,personas,18,sanidad
17,consecuencia,24,conjunto,12,ministerio,18,seguridad
16,españa,23,pandemia,12,autónomas,17,ministerio
15,salud,22,españa,12,medidas,17,personas
15,pregunta,21,recursos,12,residencias,16,situación
14,pandemia,21,frente,11,comunidades,16,quiero
14,ciudadanos,20,económico,11,gracias,15,trabajando
14,respuesta,20,país,10,grupos,15,servicios
14,personas,20,trabajadores,10,decreto,13,sistema
13,decreto,19,virus,9,prensa,12,ministro
13,servicios,18,importante,9,treinta,12,reforzar
12,crisis,18,económica,9,eh,12,sanitario
12,ministro,16,sociales,9,gente,12,seguir
12,políticos,16,debemos,9,mayores,12,comunidades
12,presidente,15,emergencia,9,información,12,garantizar
11,ministros,15,públicos,9,transporte,12,autónomas
11,conjunto,15,real,9,situaciones,11,virus
11,público,15,millones,9,policía,11,profesionales
11,comprar,14,personas,9,importante,11,sentido
11,instrumentos,14,decreto,8,sesenta,11,necesario
10,social,14,euros,8,m,11,ministros
10,propagación,13,situación,8,fuerzas,11,gente
10,fuerzas,13,consecuencia,8,virus,11,crisis
10,lógicamente,13,caso,8,quiero,10,salud
9,consejo,13,presidente,8,colectivos,10,tarea
9,pública,13,española,8,servicios,10,país
9,país,12,historia,8,real,10,frente
9,garantizar,12,salud,7,rueda,10,consejeros
9,territorio,11,economía,7,transportes,10,mil
9,responsabilidad,11,mil,7,cuarenta,10,productos
9,movilidad,10,desgraciadamente,7,comunas,10,protección
9,caso,10,mundo,7,e,10,gracias
9,presidentes,10,aprobado,7,españoles,10,centros
9,duda,10,alarma,7,civil,9,coronavirus
9,insisto,10,duda,7,movilidad,9,disposición
9,frenar,10,autónomos,7,orden,9,millones
9,relación,10,atrás,7,preguntas,9,atención
8,necesarias,10,llegar,6,centro,9,martes
8,quiero,10,insisto,6,madrid,8,sanitarios
8,nivel,10,hablando,6,años,8,casos
8,territorios,10,pregunta,6,barcelona,8,presidente
7,coronavirus,10,lógicamente,6,nacional,8,nacional
7,emergencia,9,económicas,6,forma,8,orden
7,expertos,9,económicos,6,centros,8,residencias
7,casa,9,gracias,6,trabajando,8,mayores
7,trabajadores,9,temporal,6,social,8,colectivos
7,empresarios,8,sanitaria,6,especiales,8,vulnerables
7,actividad,8,países,5,país,8,consejo
7,real,8,sociedad,5,mañana,8,personal
7,sanidad,8,batalla,5,sociales,8,fuerzas
7,distancia,8,falta,5,resto,7,emergencia
7,resto,8,conscientes,5,letalidad,7,insisto
7,coordinación,8,producción,5,entendemos,7,recursos
7,importante,8,pequeñas,5,nivel,7,trescientos
7,unidos,8,familias,5,ejército,7,euros
6,decisiones,8,empresarios,5,gobierno,7,proteger
6,sanitaria,8,tejido,5,países,7,defensa
6,sanitarios,8,garantizar,5,coordinación,7,fondo
6,españoles,8,español,5,proteger,7,hogar
6,desgraciadamente,8,apoyo,5,poquito,6,vicepresidente
6,efectos,7,quiero,5,seguimos,6,público
6,autoridades,7,duros,5,utilización,6,juntos
6,seguridad,7,sufriendo,5,reducción,6,batalla
6,comunidades,7,españoles,5,tipo,6,medios
6,actividades,7,democracia,5,estricta,6,diez
6,alimentos,7,actuar,5,vida,6,mascarillas
6,productos,7,comunidad,5,falta,6,sanitaria
6,establecimientos,7,evidentemente,5,obviamente,6,apoyo
6,mayores,7,definitiva,5,cataluña,6,equipos
6,restricción,7,medianas,4,evolución,6,armadas
6,administraciones,7,consejo,4,coronavirus,5,decreto
6,mañana,7,productivo,4,fernando,5,autonómicos
6,información,7,semana,4,ministro,5,compra
6,comunicación,7,movilización,4,palabra,5,tipo
6,evidencia,7,democrática,4,ciento,5,material
6,problema,7,casa,4,valorar,5,colaboración
6,viva,7,recuperar,4,nueve,5,vicepresidencia
6,debate,7,europea,4,setecientos,5,administraciones
5,económica,7,preguntas,4,navarra,5,aprobamos
5,necesarios,6,coronavirus,4,edad,5,paquete
5,precisamente,6,recuperación,4,riesgo,5,significa
5,máxima,6,consecuencias,4,profesionales,5,dejar
5,centro,6,proteger,4,cuerpos,5,escudo
5,debemos,6,mayores,4,seguridad,5,derecho
5,autónomos,6,protección,4,personal,5,reunión
5,sociales,6,presidentes,4,concreto,5,alimentación
5,económico,6,autónomas,4,ancianos,5,tercer
5,español,6,esfuerzo,4,cercanías,4,comparecencia
5,quince,6,sanitario,4,hora,4,esfuerzos
5,autoridad,6,punto,4,control,4,duros
5,ejercicio,6,servicios,4,número,4,pico
5,locales,6,prestación,4,permitir,4,objetivo
5,asistencia,6,seguridad,4,servicio,4,materia
5,protección,6,unión,4,graves,4,común
5,necesidad,6,representa,4,labor,4,necesarios
5,recomendaciones,6,sanidad,4,situación,4,protocolo
5,contagio,6,expertos,4,españa,4,coordinación
5,función,6,gustaria,4,actividad,4,caso
5,autonómicos,6,aplausos,4,muestra,4,especialmente
5,colaboración,6,cadena,4,únicamente,4,cabo
5,comunidad,6,reconstrucción,4,mantener,4,plan
5,ciudadano,6,pública,4,tratar,4,choque
5,tomar,6,presupuestos,4,establece,4,desarrollando
5,preguntas,5,fuerzas,4,cuestión,4,importante
5,hablando,5,viendo,4,impacto,4,trabajadores
5,científica,5,precedentes,4,comentaba,4,afrontar
5,restringir,5,efectos,4,cuarentena,4,cien
5,vive,5,administraciones,4,fallecidos,4,compromiso
4,extraordinario,5,responsabilidad,4,obtener,4,derechos
4,arma,5,disciplina,4,implementar,4,asistencia
4,esté,5,comunidades,4,semana,4,atender
4,situación,5,curva,3,punto,4,ministra
4,escenarios,5,frenar,3,viendo,4,intervención
4,fase,5,escudo,3,comité,4,mandado
4,proteger,5,impacto,3,sanidad,4,iglesias
4,ganar,5,ley,3,defensa,3,afectados
4,políticas,5,autonómicos,3,interior,3,ciudadanos
4,española,5,unidos,3,simón,3,ido
4,familias,5,ministros,3,año,3,tomando
4,empresas,5,empresarial,3,equipo,3,momentos
4,económicos,5,compromiso,3,diario,3,seguiremos
4,grupos,5,ciudadanos,3,indica,3,viendo
4,vulnerables,5,dejar,3,veinticinco,3,alarma
4,evitar,5,vulnerables,3,novecientos,3,humanos
4,diez,5,apoyar,3,fallecido,3,materiales
4,necesario,5,especial,3,ejem,3,órdenes
4,interior,5,difícil,3,vasco,3,residentes
4,cuerpos,5,cien,3,termina,3,gestión
4,autónomas,5,circunstancias,3,mencionado,3,prensa
4,órdenes,5,actividad,3,sólida,3,quitamos
4,intervención,5,creemos,3,dieciocho,3,producción
4,subrayar,5,facilitar,3,grave,3,realizando
4,circular,5,necesario,3,compañeros,3,falta
4,centros,5,sistema,3,aire,3,máximo
4,residencia,5,contamos,3,acciones,3,finalmente
4,e,5,profesionales,3,marco,3,doscientos
4,servicio,5,resistiremos,3,operación,3,marzo
4,queda,5,contener,3,quisiera,3,riesgo
4,domicilio,5,paso,3,armadas,3,convertir
4,civiles,5,solidaridad,3,sanitario,3,conjuntamente
4,públicas,5,quince,3,pasamos,3,paso
4,medios,4,comité,3,formación,3,operativos
4,transporte,4,lucha,3,persona,3,impacto
4,unidad,4,europeos,3,puerto,3,economía
4,ideologías,4,excepcionales,3,zaragoza,3,familias
4,semanas,4,línea,3,guardia,3,unidos
4,distintos,4,mantener,3,perdón,3,máxima
4,partidos,4,diario,3,aeropuertos,3,laboral
4,amigo,4,haga,3,renfe,3,reiterar
4,batalla,4,parar,3,ave,3,marcha
4,comparecencias,4,distintas,3,significa,3,conjunto
4,victoria,4,agentes,3,diez,3,absolutamente
4,disciplina,4,superar,3,soldados,3,clave
4,pasar,4,hito,3,misiones,3,agradecer
4,podremos,4,tercer,3,difícil,3,pública
4,volver,4,sentir,3,tema,3,condiciones
4,calles,4,ámbito,3,distintas,3,enormemente
4,vayamos,4,combatir,3,militares,3,fundamental
4,dinero,4,vencerlo,3,disciplina,3,telemática
4,llegar,4,poderes,3,casa,3,diecinueve
4,pan,4,sentido,3,podamos,3,mañana
4,sacar,4,colaboración,3,sentido,3,situaciones
4,elecciones,4,políticos,3,afecto,3,domicilio
4,hablar,4,necesitamos,3,llegar,3,entorno
4,lunes,4,conocimiento,3,calle,3,plantillas
4,impacto,4,salida,3,riesgos,3,individual
4,europa,4,decidido,3,material,3,desgracia
4,ceuta,4,choque,3,colaboración,3,enfrentar
4,defender,4,explicar,3,local,3,responder
4,global,4,ciento,3,menores,3,equipo
4,marcha,4,responde,3,sigan,3,afectadas
3,comité,4,puedan,3,cumplir,3,responsable
3,nueve,4,investigación,3,josé,3,disponibles
3,mundial,4,científica,3,alarma,3,sector
3,recursos,4,tele,3,responsabilidad,3,sociedad
3,ido,4,medida,3,teniendo,3,miembros
3,contención,4,trabajadoras,3,noventa,3,tomar
3,siguiendo,4,rotundo,3,vehículos,3,países
3,pandemias,4,liquidez,3,importantes,3,atrás
3,misión,4,subrayar,3,redes,3,económicas
3,trasladar,4,labor,3,serrallo,3,nivel
3,mano,4,comunicación,3,española,3,comunicación
3,siguientes,4,recomendaciones,3,sociedad,3,forma
3,apoyo,4,vemos,3,quince,3,guerra
3,marzo,4,periodistas,3,cercanias,3,entrar
3,competente,4,frenado,3,incluyendo,3,pregunta
3,anunció,4,seco,3,autobús,3,ciudadano
3,áreas,4,hora,3,aéreo,3,decia
3,ministra,4,difíciles,3,máximo,3,responsables
3,quedan,4,trabajador,3,sistema,3,relación
3,actuación,4,brillo,3,periodo,3,cataluña
3,directas,4,europeo,3,ehh,3,debate
3,sistema,4,nivel,3,compañías,2,enfermedad
3,nacional,4,ayuda,3,distanciamiento,2,conseguiremos
3,asimismo,4,opinión,3,tratando,2,demostrando
3,tarea,4,producto,3,clave,2,mundo
3,armadas,4,bruto,3,medios,2,escatimar
3,administración,4,colegas,3,concretas,2,luz
3,gestión,4,términos,3,pregunta,2,referirme
3,marco,3,pronta,3,territorios,2,recordar
3,adquisición,3,nueve,3,implementación,2,incremento
3,farmacéuticos,3,distingue,3,proceso,2,acercando
3,desplazamiento,3,territorios,3,mensaje,2,colectiva
3,habitual,3,presentes,2,portavoz,2,convoque
3,circulación,3,sábado,2,moncloa,2,empezar
3,sanitarias,3,determinación,2,comunicación,2,descender
3,tráfico,3,paliar,2,comienza,2,victoria
3,motivos,3,misión,2,once,2,dije
3,suspendida,3,sanitarios,2,media,2,tomado
3,suspensión,3,públicas,2,responsable,2,tomamos
3,bienes,3,manos,2,emergencias,2,poniendo
3,posibilidad,3,líderes,2,sanitarias,2,funcionando
3,metro,3,doblegar,2,comparecencia,2,incorporando
3,públicos,3,alcanzar,2,salvador,2,cuarto
3,ocio,3,estaremos,2,vicepresidente,2,curso
3,lugares,3,superior,2,derechos,2,once
3,autonómicas,3,semanas,2,responsables,2,enfermería
3,esenciales,3,vacuna,2,técnicos,2,plaza
3,consideración,3,tarea,2,simon,2,estudiantes
3,vencer,3,forjar,2,técnico,2,privadas
3,colores,3,sindicatos,2,informar,2,suministros
3,ocasiones,3,problemas,2,viviendo,2,español
3,común,3,comerciantes,2,entorno,2,desarrollar
3,acción,3,decía,2,cuatrocientos,2,mecanismos
3,provincias,3,cooperación,2,incremento,2,agentes
3,municipios,3,caída,2,diecisiete,2,oportuno
3,cooperación,3,reforzar,2,bloques,2,red
3,definitiva,3,plan,2,comportamiento,2,equidad
3,esfuerzos,3,hiciera,2,comunitaria,2,asegurar
3,necesitan,3,movilizar,2,castilla,2,esté
3,solidaridad,3,doscientos,2,inicio,2,industria
3,territorial,3,porciento,2,normalmente,2,organización
3,salir,3,diecisiete,2,asociados,2,informaciones
3,curva,3,espacio,2,atención,2,aparecido
3,fortaleza,3,quedar,2,diferencias,2,subrayar
3,mensajes,3,dure,2,vista,2,derrotar
3,persona,3,finalmente,2,comunidad,2,correcta
3,sentido,3,colectivos,2,fecha,2,instrucciones
3,capaces,3,telecomunicaciones,2,setenta,2,puedan
3,actuando,3,derecho,2,neumonía,2,disponemos
3,recordar,3,cuotas,2,supera,2,asuntos
3,familia,3,ingresos,2,precaución,2,justicia
3,enfermedad,3,persona,2,paso,2,produzcan
3,mundo,3,temporales,2,fuerza,2,oportunas
3,ciudadanía,3,artes,2,previstas,2,suministro
3,explica,3,importantes,2,expresar,2,palabra
3,comparecencia,3,jornadas,2,sinceras,2,tardes
3,confinamiento,3,coyuntural,2,perdido,2,toca
3,podamos,3,normalidad,2,querido,2,pilar
3,fórmula,3,afectados,2,batalla,2,supone
3,importantes,3,creación,2,cariño,2,públicos
3,cotidianidad,3,sector,2,demostrando,2,historia
3,contempla,3,economia,2,cincuenta,2,españa
3,cálculos,3,saldremos,2,ciudades,2,responde
3,asia,3,venido,2,apoyo,2,especial
3,evidentemente,3,actividades,2,viaje,2,económica
3,melilla,3,permitidas,2,alimentos,2,desatendido
3,evidente,3,contagio,2,unidades,2,económico
3,instituciones,3,esté,2,castellón,2,debemos
3,verse,3,ministerio,2,suárez,2,paramos
3,fronteras,3,ven,2,prat,2,persona
3,vicepresidente,3,prueba,2,málaga,2,ingresos
3,debida,3,organización,2,príncipe,2,evitar
3,atajar,3,mundial,2,valencia,2,despidos
3,cataluña,3,respuesta,2,plaza,2,aprender
3,espacio,3,servidores,2,delegación,2,capacidad
3,convencido,3,voluntad,2,residencia,2,desamparado
3,contaminación,3,científicos,2,estaciones,2,trabajadora
3,oposición,3,nacional,2,sevilla,2,cuidar
3,circunstancia,3,dura,2,delegaciones,2,prestación
3,restricciones,3,e,2,territorio,2,visto
3,tenerife,3,defender,2,anoche,2,moratoria
2,aprobado,3,digamos,2,condición,2,hipotecas
2,anunciado,3,cuarentena,2,efectivamente,2,hogares
2,frente,3,medios,2,principal,2,vulnerabilidad
2,explicado,3,venceremos,2,carácter,2,compatriotas
2,estática,3,instituciones,2,encontrar,2,pagar
2,adaptando,3,prensa,2,cara,2,brevedad
2,escenario,3,extraordinarias,2,sitio,2,tensión
2,dinámico,3,año,2,armas,2,instrumento
2,epidemias,3,decretar,2,ofrecerle,2,consecuencias
2,ideas,3,doctor,2,mina,2,línea
2,temblar,3,trabajadora,2,experiencia,2,difíciles
2,población,3,años,2,permiten,2,mantener
2,atender,3,particular,2,afrontar,2,vicepresidentes
2,adoptar,3,dispuesto,2,espíritu,2,ayuntamientos
2,drásticas,3,defensa,2,sacrificio,2,dependencia
2,quieres,3,atender,2,incómodas,2,comité
2,acordado,3,diciendo,2,continuar,2,cinueve
2,paliar,3,fundamentales,2,teniente,2,diputaciones
2,apoyó,3,interior,2,primeras,2,dotado
2,colectivos,3,empresa,2,palabras,2,reparto
2,mecanismos,3,consciente,2,causa,2,reforzando
2,despidos,3,envergadura,2,nombre,2,dispositivos
2,tercer,3,constitución,2,respeto,2,protocolos
2,dificultades,3,abordar,2,incidentes,2,actual
2,vacuna,3,decisión,2,detenciones,2,prioridad
2,iremos,3,decirles,2,diariamente,2,urgente
2,aprobando,3,gobiernos,2,centraron,2,médica
2,explicar,3,derechos,2,cumplimiento,2,asistir
2,decisión,3,necesarios,2,especial,2,colectivo
2,declaración,3,confianza,2,ayudar,2,refuerzo
2,congreso,2,amigos,2,vulnerables,2,higiene
2,diputados,2,enviar,2,n,2,habilitar
2,perfectamente,2,ocasiones,2,sirva,2,comedores
2,noche,2,ideologías,2,trescientas,2,posibles
2,dirección,2,clases,2,entrevistas,2,espacios
2,defensa,2,padres,2,quinientos,2,civil
2,transportes,2,constantemente,2,faltan,2,solicitado
2,mobilidad,2,laborales,2,dispersos,2,reconocer
2,agenda,2,mayoría,2,geografía,2,orgullo
2,urbana,2,desarrollado,2,funcionamiento,2,necesarias
2,salvador,2,pasos,2,esenciales,2,dejando
2,competencia,2,certezas,2,distribución,2,piel
2,dictar,2,momentos,2,sanitarios,2,camas
2,acuerdos,2,eficacia,2,autoridades,2,papel
2,resoluciones,2,actores,2,esforzado,2,trabajadoras
2,disposiciones,2,específica,2,locales,2,clase
2,esfera,2,entrega,2,fundamental,2,vecinos
2,específica,2,caracterizado,2,distintos,2,redes
2,civil,2,caracteriza,2,ciudad,2,patriotismo
2,eficaz,2,distancia,2,normas,2,fuerza
2,cumplimiento,2,seguir,2,salir,2,podido
2,dispondremos,2,isla,2,decirles,2,superar
2,competencias,2,muchísimo,2,reseñar,2,inclusión
2,vías,2,organismo,2,veinticuatro,2,unión
2,realización,2,vencer,2,aumentado,2,europea
2,prestación,2,mensaje,2,contacto,2,estudiar
2,discapacidad,2,partidos,2,auxilio,2,punto
2,causa,2,oposición,2,necesitan,2,seguimos
2,fuerza,2,altura,2,decía,2,política
2,naturaleza,2,colectivo,2,cosa,2,europa
2,deberán,2,propagación,2,competencia,2,camino
2,ámbito,2,meta,2,sepan,2,pone
2,quinto,2,altas,2,secretaria,2,perfil
2,excepción,2,médicas,2,noticia,2,único
2,cos,2,infectados,2,punta,2,preguntas
2,suspende,2,victoria,2,núcleos,2,salvador
2,apertura,2,contagios,2,inferior,2,concreta
2,consumidores,2,permite,2,identificado,2,distribución
2,aglomeraciones,2,hacerla,2,empieza,2,comprar
2,posibles,2,picado,2,larga,2,cuestión
2,desarrollen,2,dejan,2,distancia,2,competencias
2,entrega,2,afectando,2,tercio,2,anteriormente
2,particular,2,global,2,viajeros,2,elevar
2,trabajadoras,2,distribución,2,red,2,partes
2,militares,2,finanzas,2,positivos,2,requisar
2,privados,2,consumo,2,actividades,2,aduanas
2,cohesión,2,razón,2,autorizadas,2,político
2,asegurar,2,simultáneamente,2,cuestiones,2,alquiler
2,abastecimiento,2,descendente,2,específicas,2,respondiendo
2,mercado,2,aprobar,2,publicado,2,principio
2,orden,2,formaciones,2,condiciones,2,curva
2,porciento,2,patronal,2,autobuses,2,reconoció
2,ferroviarios,2,necesita,2,conductor,2,libertad
2,viajeros,2,propuestas,2,caso,2,expresión
2,carretera,2,mercado,2,necesidades,2,partido
2,marítimo,2,valiosas,2,vigencia,2,codo
2,suministro,2,paquete,2,islas,2,independientemente
2,críticas,2,anunció,2,viene,2,producido
2,teniendo,2,veinte,2,mobilidad,2,decisiones
2,video,2,íntegramente,2,agenda,2,requieren
2,diferencias,2,privados,2,urbana,2,opinión
2,constitución,2,corto,2,agradecimiento,1,francesa
2,autonomías,2,enorme,2,empresas,1,palacio
2,historia,2,desafío,2,puedan,1,moncloa
2,altura,2,enfrentando,2,problema,1,conversamos
2,acciones,2,especialmente,2,unidos,1,estabas
2,principios,2,venimos,2,interpretar,1,ejemplos
2,próximas,2,vulnerable,2,aumentando,1,ciencias
2,gobiernos,2,cinueve,2,pico,1,encaminadas
2,ocurre,2,podía,2,estable,1,combatir
2,estarán,2,prestaciones,2,explicado,1,tratar
2,obligación,2,locales,2,relaciones,1,contener
2,seres,2,garantizaremos,2,garantizar,1,revertir
2,objetivo,2,vivienda,2,s,1,evolución
2,eliminarlo,2,dificultades,2,puntos,1,número
2,sacrificios,2,pago,2,utilizando,1,ganarle
2,médicas,2,deudores,2,incorporar,1,sentirse
2,enfermos,2,desarrollando,2,sobrellevar,1,orgulloso
2,economía,2,entidades,2,misterio,1,responsabilidad
2,pido,2,evitar,2,muchísima,1,disciplina
2,cadena,2,laboral,2,ayudándonos,1,actuando
2,transmisión,2,permitir,2,favor,1,españoles
2,actuamos,2,necesidad,2,respuestas,1,verdaderamente
2,necesita,2,derivadas,2,temas,1,amenaza
2,pase,2,permitan,2,principales,1,excepcional
2,hijos,2,fuerza,2,acusaciones,1,apellido
2,extraordinaria,2,desempleo,2,perfil,1,constatar
2,máximo,2,previa,2,contagiadas,1,imagen
2,profesionales,2,cobro,2,cero,1,considerado
2,jóvenes,2,aprobación,2,regreso,1,mejores
2,cuidando,2,implica,2,capacidad,1,leyenda
2,techo,2,serie,2,deberia,1,fama
2,ayuda,2,cese,2,tomado,1,justificadas
2,oportunidad,2,compatible,2,evitar,1,cuentan
2,protegernos,2,rapidez,2,actuar,1,desempeñando
2,capacidad,2,gustaría,2,toma,1,constituye
2,colaborando,2,tomemos,2,progresivamente,1,esencial
2,europeas,2,despidan,2,intensamente,1,ganado
2,internacionales,2,estás,2,detallados,1,admiración
2,is,2,mantenga,2,siguen,1,gratitud
2,viendo,2,sepan,2,cuidado,1,transmite
2,cuidar,2,vuelva,2,digo,1,entero
2,vida,2,empresario,2,parciales,1,balcones
2,histórica,2,largas,2,fallado,1,anochecer
2,economia,2,mercados,2,menor,1,verde
2,artículo,2,avales,2,formas,1,arma
2,farmacia,2,cero,2,madriz,1,nació
2,cancelación,2,cincuenta,2,llegado,1,serie
2,gustaría,2,incorporamos,2,versiones,1,anunciar
2,habido,2,marcha,2,principio,1,recordado
2,equipo,2,d,2,partidas,1,doctor
2,opinión,2,cuarto,2,contagios,1,fernando
2,contundentes,2,cantidad,2,preguntan,1,simón
2,ciudadania,2,dotar,2,llegan,1,sitio
2,galicia,2,carlos,2,confinamiento,1,cámaras
2,distintas,2,adoptadas,2,efecto,1,alcanzar
2,trasladado,2,empleados,2,extra,1,doblegar
2,creemos,2,asumamos,2,entender,1,vencerlo
2,sufriendo,2,periodo,2,suficiente,1,comenzamos
2,corresponde,2,cara,2,antihigiénico,1,dictó
2,llega,2,arrendatarios,2,presencia,1,ámbito
2,marisol,2,dinámica,2,rápidos,1,consistente
2,transmitiendo,2,siguientes,2,minutos,1,correctamente
2,ciencia,2,puntos,2,aplicar,1,treinta
2,fundamento,2,público,2,cualquiera,1,gradualmente
2,tomado,2,menores,2,pamplona,1,médicos
2,base,2,situaciones,2,desinfección,1,internos
2,homogénea,2,fase,2,aeropuerto,1,quinto
2,málaga,2,salvar,2,olfato,1,habiendo
2,sevilla,2,mañana,2,gusto,1,superado
2,madrid,2,reconoce,2,síntomas,1,pruebas
2,frenarlo,2,manual,2,acerca,1,selectivas
2,organismos,2,infalible,2,científica,1,novia
2,gente,2,nacionales,2,deficientes,1,alcanzado
2,europeo,2,demostrando,2,discapacidades,1,jimmy
2,organización,2,ciudadanas,2,flexibilidad,1,medicina
2,escasos,2,base,2,generalizar,1,kos
2,necesitamos,2,evaluar,2,zona,1,asimismo
2,miembros,2,deja,2,salidas,1,instalaciones
2,ministras,2,bienestar,2,evidentemente,1,áreas
2,sanitario,2,humana,2,vuelos,1,sistemas
2,ejecutivo,2,unidad,2,exteriores,1,única
2,ee,2,vidas,2,facilitar,1,raíz
2,aislamiento,2,generosas,1,competente,1,informan
2,citar,2,largos,1,palacio,1,consagró
2,atiende,2,calma,1,secretario,1,trágicos
2,corazón,2,tengamos,1,posterior,1,this
2,justifica,2,paciencia,1,analiza,1,facciones
2,barcelona,2,resistir,1,recordamos,1,referencia
2,casos,2,muralla,1,formado,1,considerados
2,perro,2,puesto,1,representantes,1,esenciales
2,mary,2,decenas,1,dr,1,creemos
2,canaria,2,rueda,1,ele,1,importadores
2,medicamento,2,agencia,1,capitaneado,1,fabricantes
2,transmisores,2,actuaciones,1,alertas,1,disponen
2,diario,2,fronteras,1,prevista,1,origen
2,concretas,2,tipo,1,ofrecieron,1,balance
2,tipo,2,simon,1,edificio,1,estudiando
2,herramientas,2,redes,1,dejando,1,cartier
2,volveré,2,subir,1,veinte,1,productora
2,agentes,2,tendremos,1,valiosas,1,efectuar
2,sindicatos,2,seamos,1,comenzamos,1,tareas
2,seguir,2,menor,1,inmigración,1,reforzado
2,racialmente,2,propietarios,1,feudo,1,provisiones
2,pico,2,abrir,1,hola,1,demandados
2,cuestiones,2,vigor,1,gestión,1,impide
2,situando,2,teniamos,1,evoluciones,1,autonómicas
2,individuos,2,banco,1,sufriendo,1,decirles
2,dota,2,central,1,plena,1,distribuido
2,suficientes,2,cuestiones,1,dijiste,1,millón
2,d,2,europa,1,ojo,1,re
2,responsables,2,hicimos,1,variaciones,1,distribuyendo
2,extranjero,2,planteamos,1,bailables,1,veintisiete
2,islas,2,sobrevenida,1,diaria,1,abastecimiento
2,aéreo,2,planes,1,tendencia,1,complicado
2,regresa,2,sanitarias,1,seguidos,1,mercados
2,pasear,2,material,1,curado,1,respeta
2,familiar,2,pasará,1,mostrado,1,cohesión
2,castilla,2,efectivamente,1,comportamientos,1,estrictamente
2,segovia,2,economías,1,digamos,1,redistribuir
2,provincia,2,europeas,1,epidemia,1,dúo
2,pasa,2,habló,1,rioja,1,disponible
2,pos,2,petición,1,pequeña,1,abordando
2,visitar,2,dirige,1,león,1,supervisión
2,vivan,2,hablo,1,marcadas,1,tipos
1,comparezco,2,consejeros,1,brote,1,ritmo
1,implicada,2,capaces,1,asociado,1,eficiencia
1,enfrenta,2,trescientos,1,eventos,1,haremos
1,requiere,2,número,1,reunión,1,información
1,extraordinarias,2,derrota,1,masivo,1,recabar
1,supone,2,allá,1,evento,1,datos
1,serio,2,inédito,1,masas,1,elaborar
1,perjuicio,2,quepa,1,obtenerlo,1,informes
1,bienestar,2,garantía,1,aviación,1,pertinentes
1,excelencia,2,vida,1,importados,1,extraoficialmente
1,rigor,2,cotidianidad,1,mató,1,diligentemente
1,científico,2,pueblo,1,nissan,1,adoptamos
1,inicio,2,ejemplar,1,tardíamente,1,adoptaremos
1,fases,2,polo,1,sustanciales,1,edo
1,cambiantes,2,entender,1,porcentajes,1,importe
1,estábamos,2,vista,1,hospitalizados,1,global
1,reforzada,2,necesarias,1,música,1,transfer
1,criterios,2,atajar,1,superiores,1,diremos
1,conocimiento,2,diputados,1,tarea,1,gastos
1,determinación,2,arma,1,acordar,1,comporta
1,descrito,2,director,1,disponibles,1,adicionalmente
1,entramos,2,necesaria,1,rené,1,entregas
1,activación,2,transparencia,1,faltando,1,liquidez
1,mecanismo,2,pedagogía,1,cambiar,1,adoptó
1,constitucional,2,impulsar,1,mitad,1,consejos
1,preparados,2,relación,1,mayo,1,anteriores
1,claras,2,definitivamente,1,ellen,1,grupo
1,ponemos,2,recuperando,1,esperar,1,sensible
1,prioridades,2,cuestión,1,ocasiones,1,trabajado
1,directamente,2,comunicado,1,incidencia,1,hora
1,iban,2,felipe,1,acabo,1,vos
1,consecuencias,2,diferencias,1,parcial,1,visitaremos
1,avanzar,2,discrepancias,1,tomar,1,encomendar
1,implementar,2,p,1,ediciones,1,estacionales
1,flexibilización,2,resto,1,bello,1,administración
1,ajuste,2,políticas,1,indiquen,1,asegurando
1,temporal,2,tomar,1,actuaciones,1,mínimos
1,denominados,2,necesariamente,1,respectivas,1,garantizados
1,artes,2,afrontar,1,áreas,1,encomendados
1,liquidez,2,notado,1,continuamos,1,vicepresidenta
1,transitorias,2,colores,1,interpretación,1,transición
1,intensas,2,miradas,1,emilio,1,ecológica
1,derivada,2,abordando,1,arroyo,1,tome
1,investigación,2,coalición,1,iniciar,1,suspensión
1,sumar,2,ejercicio,1,relato,1,garantía
1,directivas,2,libertades,1,barniz,1,eléctrico
1,plan,2,cuarenta,1,condolencias,1,bona
1,choque,2,actuó,1,desarrollo,1,tarda
1,presentamos,2,actual,1,agradecer,1,arratsalde
1,probamos,2,matices,1,muestras,1,on
1,procedió,2,autonómico,1,implicados,1,llevando
1,anunciar,2,debates,1,línea,1,informarles
1,principales,2,nacionalizar,1,quisimos,1,acciones
1,implica,2,volver,1,relatar,1,conjuntas
1,declarar,2,rápido,1,d,1,socioeconómico
1,afecta,2,interpela,1,barnizadas,1,logramos
1,prorrogarse,2,civil,1,ciencia,1,aprobar
1,autorización,1,afecto,1,reconocimiento,1,movilización
1,entiendan,1,familiares,1,similar,1,económicos
1,entrará,1,fallecidas,1,taller,1,privados
1,vigor,1,deseos,1,seiscientos,1,reciente
1,inmediatos,1,diagnosticados,1,veintidós,1,hablando
1,publicar,1,positivos,1,efectivos,1,veinte
1,boletín,1,golpeando,1,sanitaria,1,porciento
1,oficial,1,abuelos,1,difusión,1,pib
1,funciones,1,parejas,1,ferry,1,evidente
1,contempladas,1,hijos,1,melilla,1,humilde
1,amplias,1,amigas,1,efectuará,1,mano
1,presidencia,1,esperanza,1,banco,1,construir
1,competentes,1,solución,1,previa,1,capaz
1,delegadas,1,vinimos,1,tierra,1,amortiguar
1,respectivas,1,anunciando,1,hacerse,1,negativo
1,margarita,1,viviremos,1,cargo,1,declaración
1,robles,1,seres,1,centrales,1,vacía
1,fernando,1,queridos,1,nucleares,1,quede
1,granda,1,contagiados,1,trillo,1,desamparada
1,rasca,1,sanos,1,alcaraz,1,cierres
1,josé,1,viviendo,1,almaraz,1,empresas
1,luis,1,memoria,1,frentes,1,errores
1,ávalos,1,colectiva,1,inglés,1,mantenga
1,recaiga,1,adultos,1,infecciones,1,necesiten
1,titulares,1,habitantes,1,puertos,1,cumplen
1,anteriores,1,dando,1,algeciras,1,frenar
1,delegada,1,camino,1,adolfo,1,quedar
1,españolas,1,plagado,1,barajas,1,jugar
1,habilitados,1,sombras,1,canaria,1,suyos
1,instrucciones,1,contando,1,valladolid,1,adaptarnos
1,interpretativos,1,requieren,1,tenerife,1,reducir
1,integrantes,1,librar,1,norte,1,jornada
1,policía,1,contienda,1,sur,1,familia
1,corporaciones,1,profesionalidad,1,hospitales,1,garantice
1,quedaran,1,proveerles,1,clínico,1,elites
1,emergencias,1,extremar,1,asturias,1,recibir
1,definidos,1,coordinación,1,gregorio,1,consumir
1,actuaron,1,crítico,1,marañón,1,paro
1,dependencia,1,olvidaré,1,ramón,1,autónomo
1,funcional,1,repetirlo,1,cajal,1,interrumpida
1,ejército,1,apurar,1,paz,1,actividad
1,preparado,1,cuidado,1,respectivos,1,mermado
1,conservara,1,jóvenes,1,clínicos,1,cortar
1,otorga,1,reglas,1,juzgados,1,echarle
1,legislación,1,niños,1,paloma,1,casa
1,vigente,1,madres,1,antequera,1,prohibición
1,ordinaria,1,barros,1,repartidas,1,cortes
1,estime,1,higiene,1,oportunidades,1,básicos
1,anuncio,1,ayudas,1,desinfectantes,1,decidimos
1,vigencia,1,vas,1,tráfico,1,contar
1,únicamente,1,ayudar,1,chamartín,1,protejan
1,efectuar,1,ganamos,1,salud,1,permítanme
1,laboral,1,árbitros,1,haro,1,detenga
1,profesional,1,representamos,1,aprovechar,1,específicos
1,empresarial,1,llevo,1,ocasión,1,dirigidas
1,retorno,1,reuniendo,1,comentar,1,aplomo
1,cuidado,1,forma,1,video,1,seiscientos
1,menores,1,temática,1,viral,1,estratégico
1,dependientes,1,trasladar,1,ve,1,minimizar
1,especialmente,1,principales,1,señora,1,conflicto
1,entidades,1,mínimo,1,bolsas,1,aprovechar
1,financieras,1,sacrificio,1,compra,1,enorme
1,seguros,1,cometiendo,1,acompañado,1,enorgullece
1,análoga,1,empeño,1,hey,1,esfuerzo
1,realizarse,1,hitos,1,comenta,1,agradecimiento
1,individualmente,1,logro,1,cometido,1,extensivo
1,moverse,1,dije,1,indicador,1,combate
1,acompañadas,1,comparecencias,1,apreciados,1,pude
1,igualmente,1,pico,1,queridos,1,coordinar
1,permitirá,1,enfermedad,1,internacionales,1,fundamentalmente
1,vehículos,1,quedan,1,comenzó,1,ejes
1,particulares,1,lleguemos,1,aportan,1,flexibilización
1,reportaje,1,acercando,1,grado,1,regla
1,gasolineras,1,saldo,1,empatia,1,gasto
1,estaciones,1,transcurrir,1,viejo,1,supervisor
1,respetarse,1,cabe,1,tomos,1,respondió
1,obligaciones,1,caigan,1,señores,1,año
1,dictadas,1,picada,1,apellidos,1,partidas
1,acordar,1,velocidad,1,cabo,1,problemas
1,cierre,1,suben,1,efren,1,índole
1,carreteras,1,llegara,1,soldado,1,asociados
1,tramos,1,dispongamos,1,iván,1,superávit
1,razones,1,editar,1,regimiento,1,afecta
1,fluidez,1,eliminar,1,perteneciente,1,municipios
1,acceso,1,infección,1,brigada,1,pequeños
1,determinados,1,ascendente,1,galicia,1,provinciales
1,vínculos,1,planearlo,1,ocurrió,1,cargo
1,cuarto,1,descender,1,gijón,1,creado
1,educativo,1,sistemas,1,finalizar,1,extraordinario
1,educativa,1,queda,1,recalcar,1,destinado
1,universitaria,1,oh,1,comente,1,viernes
1,presencia,1,probablemente,1,guerra,1,convocado
1,etapas,1,crear,1,involucrados,1,interterritorial
1,ciclos,1,agradecer,1,pelea,1,presentes
1,grados,1,prestado,1,aproveche,1,abordar
1,cursos,1,shows,1,contienda,1,definitivo
1,niveles,1,entorno,1,bélica,1,cantidad
1,enseñanza,1,decia,1,pensamos,1,transferida
1,periodo,1,resolución,1,consejos,1,ceuta
1,mantendrán,1,agradezco,1,delatado,1,melilla
1,educativas,1,incluido,1,enseñado,1,financiar
1,modalidades,1,celebrado,1,relativo,1,prestaciones
1,latín,1,profundo,1,valores,1,básicas
1,resulte,1,incorporado,1,venir,1,tengan
1,comercial,1,anunciar,1,acercan,1,objeto
1,minorista,1,caídas,1,atender,1,específicas
1,comercios,1,iniciar,1,indicaciones,1,derivadas
1,bebidas,1,relanzando,1,dando,1,cómic
1,médicos,1,dinamismo,1,soportar,1,permítame
1,ópticas,1,inmersos,1,crear,1,destacar
1,quo,1,auge,1,creer,1,preocupantes
1,ductos,1,l,1,quedar,1,dependientes
1,ortopédico,1,venga,1,encerrados,1,discapacidad
1,higiénicos,1,seguida,1,obligación,1,cierre
1,prensa,1,estancamiento,1,saliera,1,casas
1,combustibles,1,contundentes,1,desempeñar,1,vinculación
1,equipos,1,iniciativas,1,funciones,1,ampliar
1,tecnológicos,1,anunciadas,1,pudieron,1,tele
1,telecomunicaciones,1,implementadas,1,vivir,1,domiciliaria
1,animales,1,traducir,1,virtudes,1,lugares
1,compañía,1,fundamentalmente,1,moral,1,desbordadas
1,tinto,1,procedo,1,victoria,1,dispuesto
1,riaz,1,dijimos,1,vencer,1,positivas
1,querias,1,haríamos,1,imprescindible,1,ávido
1,comercio,1,sentirse,1,enviamos,1,contagio
1,internet,1,protegidas,1,causas,1,fallecimientos
1,telefónico,1,repito,1,argentino,1,previos
1,correspondencia,1,cifra,1,seña,1,episodios
1,establecimiento,1,capacidad,1,blando,1,ipc
1,suponer,1,riqueza,1,xian,1,piden
1,riesgo,1,anual,1,recuerdo,1,chicas
1,permanencia,1,trópico,1,don,1,obviamente
1,comerciales,1,restante,1,pedro,1,desfasados
1,cuya,1,complementará,1,alameda,1,sirven
1,permitida,1,reciente,1,lópez,1,preocupante
1,debería,1,magnitud,1,vuelo,1,absoluta
1,estrictamente,1,escatimar,1,ignacio,1,originando
1,necesaria,1,necesitar,1,colonialismo,1,emplearse
1,puedan,1,pequeños,1,miembros,1,liza
1,quedando,1,dependen,1,muestro,1,elementos
1,consumo,1,nómina,1,familia,1,iban
1,evitarán,1,adelantó,1,extendemos,1,adquirirse
1,controla,1,ee,1,allegados,1,lleven
1,empleados,1,fijado,1,familiares,1,contingencia
1,mantenga,1,marco,1,anteriores,1,vulnerable
1,contagios,1,granollers,1,maratón,1,cumpliendo
1,sexto,1,gestión,1,producido,1,comunicamos
1,museos,1,áreas,1,pequeñas,1,objetivos
1,archivos,1,prioritarias,1,obligado,1,constituido
1,bibliotecas,1,devenido,1,intervenir,1,unidades
1,monumentos,1,fun,1,efectuar,1,diariamente
1,espectáculos,1,teniendo,1,merecido,1,kit
1,deportivas,1,flujo,1,reducidas,1,expliqué
1,suspenden,1,crédito,1,detención,1,prevención
1,hostelería,1,pagos,1,obstante,1,mira
1,restauración,1,médica,1,lógico,1,temperatura
1,cafeterías,1,búsqueda,1,patrullas,1,orienten
1,restaurantes,1,inmersa,1,sacamos,1,comida
1,permanecerán,1,permanecer,1,vigilar,1,reforzamiento
1,cerrados,1,margen,1,dedicado,1,dotó
1,pudiendo,1,seiscientos,1,desfavorecidos,1,asalto
1,prestar,1,financiación,1,efectuamos,1,toman
1,exclusivamente,1,básicas,1,práctica,1,preventivas
1,suspendidas,1,correspondientes,1,totalidad,1,identifiqué
1,desfiles,1,entes,1,cristianos,1,ves
1,fiestas,1,atención,1,embarcación,1,derive
1,populares,1,asistencia,1,razones,1,amplios
1,verbenas,1,dependientes,1,administrativas,1,fema
1,séptimo,1,alcance,1,cerrados,1,madriz
1,culto,1,cobertura,1,abarca,1,alojar
1,ceremonias,1,ampliamos,1,localidades,1,posibilidades
1,religiosas,1,suministros,1,esfuerzos,1,aislamiento
1,incluidas,1,energía,1,verificación,1,sobrecarga
1,fúnebres,1,agua,1,normal,1,enfrentan
1,condicionan,1,garantizando,1,producción,1,cooperación
1,adopción,1,esenciales,1,incluir,1,cubrir
1,organizativas,1,novedad,1,esfuerzo,1,necesidades
1,consistentes,1,establecido,1,petición,1,cuerpos
1,dimensiones,1,moratoria,1,profesión,1,acompañados
1,características,1,hipotecas,1,luz,1,participaron
1,garantice,1,hipotecarios,1,temporalmente,1,seguimiento
1,asistentes,1,vulnerabilidad,1,puramente,1,diario
1,respetar,1,crean,1,cerrado,1,dotación
1,recomienda,1,reducirse,1,totalmente,1,habilitación
1,octavo,1,perderá,1,equipado,1,pongamos
1,adicionales,1,desahuciado,1,podía,1,asumimos
1,dirigidas,1,atravesar,1,suponer,1,debo
1,reforzar,1,seguiremos,1,pérdida,1,imaginaba
1,funcionarios,1,mano,1,sustracción,1,preocupación
1,mantendrá,1,espero,1,importa,1,primeras
1,correspondientes,1,reunirme,1,entregas,1,preocupaciones
1,asegurando,1,potente,1,médicos,1,emociono
1,adecuado,1,destinadas,1,policias,1,agradecerle
1,funcionamiento,1,carácter,1,ciudadanos,1,llevado
1,ponen,1,actuales,1,contar,1,peticiones
1,disposición,1,negativo,1,policías,1,recibamos
1,ministerio,1,permanente,1,pensemos,1,participación
1,reserve,1,insistir,1,ámbito,1,misiones
1,facultades,1,ésto,1,territorial,1,emocionadas
1,resulten,1,asalariados,1,obra,1,literalmente
1,equidad,1,adaptar,1,coordinarnos,1,departamentos
1,noveno,1,reducir,1,señalar,1,movilizar
1,aseguramiento,1,jornada,1,actuación,1,elaborado
1,suministros,1,conciliar,1,ceuta,1,formar
1,impartir,1,cuidar,1,buscamos,1,solicitó
1,intervenir,1,establecer,1,encontraban,1,buscar
1,ocupara,1,flexibilidad,1,ubicados,1,vinculados
1,transitoriamente,1,principal,1,trasladarlos,1,servir
1,industrias,1,promover,1,albergue,1,ponemos
1,fábricas,1,ajustes,1,preparado,1,quinientas
1,talleres,1,plantilla,1,previamente,1,localizado
1,explotaciones,1,flexibilización,1,portando,1,repartidas
1,incluidos,1,expedientes,1,pedirles,1,edificios
1,titularidad,1,regulación,1,colaborando,1,habría
1,privada,1,conocidos,1,esforzándose,1,oh
1,sector,1,beneficiar,1,coronel,1,darle
1,farmacéutico,1,causados,1,perón,1,nombre
1,practicar,1,considerados,1,continuación,1,volcando
1,requisas,1,adicionalmente,1,comisario,1,hablar
1,temporales,1,contributiva,1,ángel,1,avanza
1,imponer,1,cumplan,1,gonzález,1,paradores
1,prestaciones,1,requisito,1,sumamos,1,petrer
1,personales,1,cotización,1,afectados,1,tejido
1,obligatorias,1,exigido,1,enfermedad,1,altruista
1,décimo,1,computadora,1,dije,1,logística
1,habilitado,1,posterior,1,novedad,1,limpieza
1,ordinarios,1,aceleración,1,gustaria,1,jugando
1,extraordinarios,1,reduciendo,1,perfecta,1,funcionar
1,concreto,1,periodos,1,asistiendo,1,funcione
1,mantiene,1,tramitación,1,mandaban,1,falte
1,cien,1,consultas,1,videos,1,vecinas
1,cercanías,1,percibían,1,fotografías,1,organizan
1,ferroviario,1,agilidad,1,viera,1,solidaridad
1,reducen,1,flexibiliza,1,bonito,1,bajar
1,mitad,1,acceso,1,patrullaba,1,basura
1,media,1,exoneración,1,composición,1,niños
1,regulares,1,acogerse,1,camino,1,desinfectar
1,undécimo,1,verdes,1,cristo,1,zonas
1,garantiza,1,cuenten,1,rey,1,comunes
1,alimentario,1,reducido,1,dirección,1,demuestra
1,supermercados,1,significativamente,1,alcanzaremos,1,publicó
1,tiendas,1,resumir,1,destino,1,res
1,alimentación,1,recibir,1,ayudaremos,1,publica
1,energía,1,cobrar,1,pase,1,elemento
1,eléctrica,1,priorizan,1,cana,1,sentir
1,gas,1,suspensión,1,darles,1,mejorar
1,natural,1,contratos,1,tuvimos,1,informar
1,derivados,1,reducción,1,detenido,1,componer
1,petróleo,1,opción,1,infracción,1,puesto
1,infraestructuras,1,despido,1,detenidos,1,paren
1,adoptará,1,llamamiento,1,poor,1,reiterados
1,exigencia,1,entendemos,1,desobediencia,1,refuercen
1,aseguraremos,1,ayudara,1,requisitos,1,construyendo
1,proveedores,1,seguirá,1,suiza,1,excepción
1,críticos,1,necesitando,1,vaquero,1,semana
1,reuniré,1,superamos,1,apelar,1,marca
1,conferencia,1,muertes,1,solidaridad,1,inflexión
1,haré,1,exonera,1,cansa,1,decidido
1,alto,1,empresaria,1,marca,1,dogmas
1,urgente,1,portación,1,igualmente,1,austeridad
1,liderazgo,1,permitirá,1,establecimos,1,fiscal
1,pleno,1,aliviar,1,fronteras,1,fracasaron
1,dejara,1,cargas,1,portugal,1,emprender
1,situarse,1,financieras,1,francia,1,recetas
1,centrarse,1,destinado,1,absoluta,1,pusieron
1,única,1,contundente,1,francesas,1,déficit
1,aprendamos,1,proporcionar,1,portuguesas,1,ocasión
1,cuarenta,1,necesité,1,llegaría,1,puesta
1,años,1,mantenerse,1,pos,1,opuesta
1,diecisiete,1,operativo,1,sancho,1,usando
1,tantas,1,iliquidez,1,novecientas,1,herramientas
1,conjunta,1,convertirse,1,entrada,1,explicado
1,autonómico,1,solvencia,1,san,1,histórico
1,liderando,1,solventes,1,controlado,1,recorrer
1,traslada,1,necesito,1,dijimos,1,teniendo
1,detalle,1,garantías,1,preocupaciones,1,imprescindible
1,decretado,1,permitiría,1,bulos,1,diciendo
1,escuchare,1,privado,1,falsas,1,economistas
1,sugerencias,1,garante,1,noticias,1,escuelas
1,torno,1,operaciones,1,monitorizando,1,instrumentos
1,aplicando,1,líneas,1,indicarles,1,hagamos
1,sufrimos,1,adicionales,1,habíamos,1,desgracias
1,guían,1,exportadoras,1,asesorado,1,muchísima
1,antares,1,come,1,poniéndonos,1,demostrado
1,unión,1,carismas,1,auxiliando,1,mundial
1,principio,1,ágiles,1,prestando,1,podríamos
1,objetivos,1,favoreciendo,1,requieran,1,civilizadora
1,analizaremos,1,continuamos,1,iremos,1,i
1,tomaremos,1,reestructuración,1,asistencia,1,respuesta
1,adecuadas,1,créditos,1,familias,1,coordinada
1,redistribuir,1,explotaciones,1,mujeres,1,planificar
1,amos,1,agrarias,1,víctimas,1,contundente
1,fortalezas,1,afectadas,1,maltrato,1,protege
1,escatimará,1,sequía,1,mantenemos,1,proteja
1,diálogo,1,acelerar,1,pleno,1,esclavo
1,presentes,1,puesta,1,rendimiento,1,acabo
1,levanta,1,programas,1,seguir,1,seamos
1,cabeza,1,digitalización,1,combatiendo,1,capaces
1,distingue,1,i,1,lacra,1,trance
1,coordinarnos,1,implantación,1,daño,1,experiencia
1,escucharnos,1,cerrar,1,pasó,1,apostar
1,opción,1,apartado,1,bajando,1,cara
1,condición,1,anunciarles,1,ejercicio,1,futuro
1,indispensable,1,reformado,1,cifra,1,cinturón
1,victoriosos,1,normativa,1,inocian,1,bienestar
1,concurso,1,inversiones,1,acumulación,1,muchísimas
1,usaremos,1,exteriores,1,aglomeración,1,gestionamos
1,alcance,1,impedir,1,c,1,secretaría
1,urgencia,1,hacerse,1,adelanto,1,decenas
1,concierne,1,control,1,torno,1,llegadas
1,combatir,1,españolas,1,comparado,1,villa
1,demasiadas,1,sectores,1,valiente,1,criterios
1,confundido,1,estratégicos,1,destacar,1,centralizada
1,humanos,1,aprovechando,1,inició,1,anunciada
1,hora,1,acciones,1,oferta,1,semanas
1,identificar,1,extrema,1,adecuando,1,enfoca
1,enemigos,1,volatilidad,1,requerimientos,1,direcciones
1,equivocarnos,1,financieros,1,vendiendo,1,podamos
1,enemigo,1,vivimos,1,plazas,1,mercado
1,combatirlo,1,trascendente,1,cabra,1,disfruten
1,ilustrativo,1,refuerzo,1,tren,1,disfunción
1,conozcan,1,fundamental,1,ochenta,1,serbios
1,colectiva,1,desarrollo,1,subo,1,necesitamos
1,viruses,1,cura,1,autorización,1,excluye
1,reducir,1,dedicar,1,aena,1,actores
1,tenerla,1,treinta,1,equivalente,1,ford
1,difíciles,1,dinero,1,relajamos,1,comprando
1,empezarán,1,dedicado,1,anteriormente,1,estén
1,fruto,1,investigaciones,1,minimizar,1,actuación
1,consigamos,1,científicas,1,boletín,1,puntual
1,doblegar,1,instituto,1,oficial,1,organizar
1,observamos,1,tercero,1,ministerial,1,identificada
1,difusión,1,precisos,1,determinadas,1,justo
1,asciende,1,supone,1,ocupar,1,posterior
1,flecha,1,colosal,1,ocupación,1,raza
1,lenta,1,bastar,1,dejar,1,miren
1,logro,1,necesitan,1,obligatoriamente,1,lloren
1,colectivo,1,suplementario,1,fila,1,deportes
1,comenzara,1,venir,1,libre,1,individuales
1,número,1,preservar,1,conductores,1,andando
1,altas,1,indispensable,1,dispongan,1,estrecha
1,superior,1,idea,1,específico,1,iría
1,infectados,1,tratarse,1,protección,1,ancianos
1,cuadritos,1,adaptación,1,mamparas,1,preparando
1,caiga,1,arrendadores,1,físico,1,efectivamente
1,picado,1,proveedores,1,deba,1,explicaba
1,recuperara,1,bienes,1,embarcar,1,habido
1,contemos,1,receptores,1,puerta,1,escasez
1,evita,1,empleadores,1,trasera,1,bistec
1,futuras,1,acreedores,1,incluye,1,conversar
1,aparecen,1,ocupar,1,regulación,1,hablado
1,inspirados,1,posición,1,específica,1,personalmente
1,confusión,1,comprensivos,1,arrendamiento,1,proveer
1,rabia,1,rápidos,1,rentas,1,acordado
1,angustia,1,fuertes,1,viable,1,básicamente
1,comprensible,1,encarna,1,ejerzan,1,carácter
1,dañen,1,movilizarse,1,taxis,1,ordenarse
1,ánimo,1,movilizando,1,súbete,1,subjetivo
1,amenaza,1,precisa,1,ces,1,consta
1,desconocido,1,trasladando,1,utilizados,1,mayoria
1,reacción,1,adaptándonos,1,pasajero,1,generamos
1,humana,1,observando,1,supuestos,1,categoría
1,actuar,1,grupales,1,autoriza,1,ciudad
1,unidas,1,adaptado,1,dependientes,1,cerrar
1,frenamos,1,declaración,1,profesional,1,mínimas
1,cortemos,1,limita,1,prorrogado,1,restitución
1,pánico,1,libertad,1,certificados,1,visitas
1,paremos,1,circulación,1,transportistas,1,mínima
1,bulos,1,villas,1,meses,1,sabíamos
1,especulaciones,1,espacios,1,operar,1,constatado
1,ficticios,1,playas,1,autorizados,1,discos
1,contrastada,1,realizarse,1,conectividad,1,sergio
1,certeza,1,individual,1,baleares,1,hiciste
1,coordinados,1,contemplaba,1,canarias,1,ocurrido
1,eficacia,1,acompañó,1,sendas,1,personaliza
1,terrazas,1,discapacidad,1,notas,1,presidenta
1,cuidemos,1,exista,1,detalle,1,madrileña
1,rutina,1,causa,1,autorizado,1,isabel
1,puestos,1,debidamente,1,prestar,1,ayuso
1,visitaremos,1,justificados,1,terminar,1,acusa
1,amigos,1,abran,1,trasladar,1,detener
1,famosos,1,establecimientos,1,asociaciones,1,reales
1,amigas,1,centros,1,ponen,1,acusación
1,queridos,1,clínicas,1,disposición,1,injusta
1,llevaremos,1,veterinarias,1,contribuir,1,discusión
1,parque,1,pecuaria,1,reacción,1,enfocado
1,recuperación,1,limitará,1,resolver,1,vencer
1,vuelta,1,domicilio,1,maría,1,convocó
1,normalidad,1,autoridad,1,oh,1,iraquí
1,llegue,1,competente,1,inventando,1,demos
1,derroche,1,suspender,1,ben,1,salió
1,energías,1,cualquiera,1,vayamos,1,democracia
1,precisas,1,suponer,1,matizó,1,hidalgo
1,perdamos,1,riesgo,1,probablemente,1,matriz
1,rumbo,1,condiciones,1,aproximando,1,veinticuatro
1,escapa,1,específicas,1,peces,1,rusia
1,tiempos,1,habilita,1,dificiles,1,cuantificó
1,dificultad,1,modificar,1,aumento,1,mascarilla
1,compartido,1,ampliar,1,tasa,1,toros
1,protege,1,restringir,1,crecimiento,1,cuya
1,queden,1,responderse,1,reduciendo,1,conforme
1,proveerles,1,previstas,1,evan,1,pidiendo
1,coordinarse,1,adentramos,1,tensión,1,requisaron
1,atine,1,lluvias,1,pasemos,1,impedimento
1,extremar,1,trascendental,1,empecemos,1,simplemente
1,atienda,1,preocupación,1,descender,1,detectan
1,mantener,1,pásame,1,asegurarnos,1,abuso
1,compromiso,1,confusión,1,misa,1,precio
1,mil,1,incertidumbre,1,ejecutando,1,tráfico
1,hablaron,1,llantas,1,mecanismos,1,ilícito
1,abuelas,1,entiendo,1,españolas,1,actuó
1,abuelos,1,humano,1,complicado,1,deber
1,tabla,1,reaccionar,1,empezara,1,prismas
1,salvación,1,dimensiones,1,doblar,1,hagan
1,sociedad,1,desconocidas,1,objetivo,1,porno
1,salio,1,sometidos,1,esperemos,1,necesita
1,llenar,1,durísima,1,vemos,1,pablo
1,expensas,1,carece,1,descenso,1,alquileres
1,recibos,1,manisfestó,1,garantizamos,1,exclusión
1,pagar,1,posee,1,cumplimos,1,convertido
1,manutención,1,instrucciones,1,controlar,1,clamor
1,universitarios,1,surgiendo,1,mundo,1,previstas
1,cobijo,1,internacionales,1,juntarlo,1,desahucios
1,demostrar,1,quiso,1,conocemos,1,provocados
1,aprendimos,1,reconocer,1,atacamos,1,impago
1,reaccionar,1,orienta,1,exposiciones,1,pensado
1,demostremos,1,gracia,1,niños,1,implementarlo
1,generaciones,1,resistencia,1,complicada,1,añade
1,protegemos,1,milicia,1,fácil,1,aplican
1,pasará,1,insistiendo,1,ayudan,1,incluidas
1,avanzaremos,1,absolutas,1,auto,1,realizaciones
1,demostrado,1,caben,1,imponiendo,1,necesidad
1,demostrando,1,errores,1,agradecimientos,1,ve
1,recuperarse,1,cometido,1,colectivo,1,perfectamente
1,adversidad,1,concluir,1,k,1,consciente
1,tomando,1,examinaremos,1,muchísimos,1,implica
1,dude,1,aprenderemos,1,habitual,1,consecuencia
1,levantarse,1,creen,1,justo,1,constitución
1,haga,1,aprender,1,reconocer,1,española
1,falta,1,tratando,1,autos,1,vivienda
1,quake,1,dejarlo,1,estemos,1,buscando
1,side,1,criterio,1,limpios,1,fórmulas
1,convencidos,1,fe,1,abastecerse,1,adecuadas
1,rezando,1,temporada,1,supermercados,1,tendremos
1,escudo,1,cabeza,1,expuestos,1,dando
1,permítame,1,fria,1,referia,1,pasos
1,concluir,1,visión,1,entendamos,1,transmito
1,reconocimiento,1,sacar,1,agradecerles,1,minutos
1,ejemplos,1,lecciones,1,siga,1,gobiernos
1,herbicidas,1,ocurrir,1,piense,1,europeos
1,ponéis,1,elección,1,oído,1,escuchar
1,interés,1,indiscutible,1,nombrarlos,1,ministerios
1,vela,1,balcones,1,entiendan,1,horarios
1,unen,1,salimos,1,mente,1,parar
1,alerta,1,aplaudir,1,pasar,1,sacar
1,investigadores,1,acción,1,técnicas,1,siguientes
1,contrarreloj,1,alejándonos,1,repito,1,permitirnos
1,encontrar,1,ruido,1,posterioridad,1,atrasó
1,cura,1,dejemos,1,comparecer,1,preparaban
1,cinueve,1,hagan,1,sala,1,comercio
1,cultura,1,suponiendo,1,villar,1,nato
1,altruismo,1,inédita,1,llanamente,1,fallecimiento
1,casas,1,sucede,1,pablo,1,enfermera
1,libros,1,extremas,1,iglesias,1,vasco
1,conciertos,1,permitido,1,mandó,1,horizonte
1,películas,1,aflorar,1,siguientes,1,bajando
1,forma,1,conducta,1,inmovilización,1,alerta
1,gratuita,1,modélica,1,requisa,1,llamada
1,ofrecer,1,comportamientos,1,causando,1,desesperada
1,ocupación,1,ejemplares,1,ansiedad,1,carecen
1,sacrifica,1,motivos,1,cierre,1,pandemia
1,ingresos,1,orgullo,1,despliegue,1,reiteradamente
1,negocios,1,organizan,1,uma,1,denodadamente
1,clientes,1,adversidad,1,bola,1,proporcionar
1,informadores,1,aliento,1,hundida,1,empeño
1,facilitar,1,noches,1,bloqueo,1,duramente
1,veraz,1,llenado,1,ojos,1,lamentablemente
1,difundir,1,silencio,1,preventivas,1,real
1,evitan,1,ciudades,1,plan,1,alcanzarlo
1,acuden,1,pueblos,1,choque,1,interceptan
1,donar,1,empezaron,1,escalada,1,philly
1,sangre,1,ejército,1,muertes,1,decirlo
1,reclusas,1,expuesto,1,atm,1,claridad
1,madres,1,pelear,1,embajador,1,vinny
1,padres,1,descanso,1,directamente,1,diestros
1,tranquiliza,1,extendido,1,recomendación,1,cumplimiento
1,contorno,1,abastece,1,competencias,1,drásticas
1,quedarse,1,tiendas,1,hicieran,1,ciertamente
1,esten,1,supermercados,1,cierres,1,saltaron
1,protegidas,1,garantizan,1,visitas,1,razones
1,falte,1,movilidad,1,diga,1,relevante
1,discusión,1,mercancias,1,estrictamente,1,cumplir
1,precio,1,mental,1,necesario,1,complicados
1,pagamos,1,ofreciendo,1,implementando,1,ciudadania
1,mínimo,1,telemático,1,problemas,1,afortunadamente
1,vidas,1,cultura,1,obligar,1,ejemplar
1,sabremos,1,ponen,1,entiendo,1,ideal
1,evitemos,1,sabiduría,1,tarjetas,1,volverás
1,estudio,1,ingenio,1,saldrá,1,subrayada
1,sacrificamos,1,hacernos,1,estructura,1,ja
1,rotunda,1,duraderos,1,moneda,1,aprovechando
1,quepa,1,queden,1,analizada,1,formación
1,saldremos,1,hoteles,1,generales,1,alienta
1,venceremos,1,camas,1,carme,1,apoya
1,veintitrés,1,enfermos,1,autónoma,1,protestas
1,minutos,1,mantienen,1,específicos,1,monarquía
1,acaba,1,conectados,1,individuos,1,manifestar
1,pedro,1,profesores,1,disponemos,1,cínicamente
1,sánchez,1,estudiantes,1,desarrollan,1,respetando
1,empezar,1,maestros,1,neumonías,1,indignación
1,implantar,1,siguen,1,necesitamos,1,molestado
1,comentado,1,tareas,1,individualizado,1,defender
1,apoyar,1,académicas,1,manejarlo,1,dirigente
1,flexibilizar,1,avecinan,1,correctamente,1,posiciones
1,recuerden,1,rajatabla,1,den,1,conocida
1,fundamentales,1,amenaza,1,cifras,1,compareciendo
1,detallando,1,poniendo,1,dadas,1,miembro
1,seguimos,1,responsabilizados,1,población,1,preguntan
1,molduras,1,perdone,1,indican,1,acusaciones
1,ancianos,1,permanezca,1,gravedad,1,entregarse
1,serie,1,mos,1,desplegados,1,tendría
1,requisitos,1,evitemos,1,zonas,1,enfrentamiento
1,vinculados,1,salidas,1,homogénea,1,ideología
1,cajero,1,imprescindibles,1,frágiles,1,distingue
1,cenar,1,conciencia,1,ingreso,1,territorios
1,paris,1,mantengamos,1,lució,1,distingo
1,café,1,sumo,1,mortalidad,1,polémica
1,definir,1,sumarnos,1,central,1,colaborar
1,c,1,espíritu,1,observando,1,colaborando
1,iñaki,1,nace,1,estilo,1,consejero
1,aguado,1,espontáneo,1,consultoria,1,generalitat
1,mediaset,1,simple,1,calidad,1,jugarán
1,telecinco,1,llanamente,1,observado,1,mirar
1,gallegas,1,abrumó,1,equivalentes,1,sanitarias
1,escucha,1,cifras,1,entra,1,importantes
1,carísimo,1,preocupe,1,extremar,1,discrepancias
1,habilita,1,preocupa,1,haz,1,crevillente
1,discrepancia,1,ocupa,1,infecta,1,unidad
1,seno,1,cueste,1,completos,1,central
1,extienda,1,moral,1,superior,1,deliberaciones
1,señor,1,golpes,1,volvemos,1,secretas
1,amas,1,jamás,1,contagiados,1,normal
1,aprovecho,1,rendimos,1,sada,1,corresponsables
1,disculparme,1,enemigo,1,joven,1,merece
1,pendiente,1,portas,1,patologías,1,trabaje
1,decirles,1,penetró,1,previas,1,invite
1,democracia,1,ciudad,1,variables,1,formaciones
1,complejo,1,pie,1,asociadas,1,políticas
1,centrarnos,1,formidable,1,paciente,1,debatiendo
1,artículos,1,intachable,1,almas,1,obligación
1,claridad,1,educativas,1,jovenes,1,salimos
1,absolutamente,1,culturales,1,queden,1,terminado
1,viana,1,entregadas,1,ingresa,1,comenzado
1,reciban,1,comunicaciones,1,uci,1,implicará
1,sepan,1,robustas,1,desgraciadamente,1,debatir
1,atienen,1,componemos,1,constatadas,1,planteó
1,ocasión,1,entereza,1,preliminares,1,aplicar
1,xunta,1,armas,1,tengamos,1,denominadas
1,lehendakari,1,pararemos,1,amplios,1,marcas
1,urcuyo,1,haremos,1,estructuras,1,separar
1,quedado,1,pasamos,1,precavido,1,graves
1,evaluar,1,turno,1,presidenta,1,leves
1,decidió,1,permiso,1,acusa,1,baja
1,proponen,1,participan,1,bloquear,1,incrementar
1,decirlo,1,cientos,1,apunta,1,enfermeras
1,pasemos,1,acto,1,mascarillas,1,prescripciones
1,pasaremos,1,agradecerles,1,ocurriendo,1,diagnósticos
1,quedamos,1,participación,1,solucionar,1,centra
1,espera,1,comprensión,1,miran,1,asistencial
1,tomen,1,llevando,1,místico,1,rica
1,actuaremos,1,formulamos,1,consta,1,retirado
1,razonable,1,efe,1,establezcan,1,confianza
1,celebrar,1,calculado,1,normativa,1,labor
1,celebración,1,soportar,1,identificar,1,públicamente
1,abril,1,arcas,1,gusta,1,estimó
1,decidan,1,toman,1,comedia,1,conformar
1,convocatoria,1,característica,1,ii,1,incrementados
1,electoral,1,específicos,1,distribuido,1,tutorías
1,hernández,1,parón,1,cajas,1,incrementando
1,margen,1,freno,1,ultimos,1,movilizando
1,amplio,1,venía,1,distribuir,1,detalla
1,endureciendo,1,creciendo,1,mazo,1,principios
1,restrictivos,1,previsión,1,llegando,1,urbana
1,logra,1,coma,1,metemos,1,sellos
1,creó,1,dependerá,1,internos,1,base
1,entienden,1,des,1,obteniendo,1,adicionales
1,toman,1,coordinar,1,distribuyendo,1,justos
1,tarden,1,atiende,1,clases,1,tomen
1,ejecutarse,1,afecta,1,generalizada,1,consideren
1,finalmente,1,lavarnos,1,global,1,usual
1,correcto,1,obra,1,productos,1,misterio
1,dimensión,1,auto,1,carece,1,apoyando
1,doctor,1,hornos,1,paliar,1,decidan
1,simón,1,desastres,1,kraken,1,estarán
1,verdaderamente,1,plaza,1,dañan,1,prometiste
1,transferencia,1,miento,1,cobi,1,cualificada
1,judío,1,subrrayarlo,1,diecinueve,1,conveniente
1,fenómeno,1,puche,1,plantearse,1,magnífico
1,evolucionando,1,motivo,1,representante,1,consejera
1,adaptar,1,broma,1,largas,1,apoyar
1,eficaces,1,pasar,1,distancias,1,proporcionándoles
1,dios,1,iban,1,calma,1,interviniendo
1,filosofía,1,guardamos,1,río,1,resolución
1,dotado,1,filosofía,1,equivoco,1,iris
1,dignos,1,corazón,1,comentando,1,cavar
1,responder,1,empleado,1,minas,1,escogido
1,desafio,1,india,1,aplicando,1,formulado
1,atienden,1,meses,1,cercana,1,responden
1,darle,1,ve,1,valora,1,vectores
1,canarias,1,afectado,1,beneficio,1,principales
1,vasco,1,encontrar,1,consideramos,1,inquietos
1,rincones,1,iguala,1,seria,1,mantendremos
1,iré,1,asumirá,1,merecería,1,técnicos
1,parlamentarias,1,sol,1,pena,1,media
1,espero,1,escuchen,1,descartando,1,comparecencias
1,operaciones,1,tura,1,propondrá,1,sala
1,contener,1,posteriormente,1,discrepancias,1,monclova
1,brevedad,1,aportar,1,incrementar,1,despedimos
1,envergadura,1,hablado,1,defiende,1,acudir
1,planteando,1,cargo,1,amplia,1,video
1,nacionales,1,empresarias,1,discrepancia,1,conferencia
1,grande,1,alquilan,1,allá,1,resto
1,exigir,1,ponernos,1,has,1,acompañado
1,extrañe,1,piel,1,detalla,1,precisamente
1,muchísima,1,impactos,1,lógicos,1,yolanda
1,damnificada,1,apareció,1,tardan,1,díaz
1,daremos,1,plural,1,desearan,,
1,hicimos,1,respaldo,1,conocida,,
1,realidades,1,italia,1,ide,,
1,surgir,1,autoridades,1,permita,,
1,decirle,1,grupo,1,blandos,,
1,pequeños,1,cree,1,detectan,,
1,medianos,1,respondiendo,1,anticuerpos,,
1,amortiguar,1,adecuadamente,1,defensas,,
1,respondido,1,amiga,1,creamos,,
1,absoluta,1,exigentes,1,sirven,,
1,científicos,1,finales,1,fase,,
1,compartimos,1,proyecto,1,inefectiva,,
1,calificado,1,compartido,1,test,,
1,obedece,1,obedecen,1,resultado,,
1,estatal,1,frena,1,fiabilidad,,
1,cooperando,1,fronterizas,1,obtención,,
1,europeos,1,territoriales,1,utilizar,,
1,íntima,1,significa,1,semanas,,
1,carretero,1,asumir,1,gestionada,,
1,pablo,1,aplazamiento,1,mecanismo,,
1,iglesias,1,deudas,1,tendremos,,
1,pedido,1,tributarias,1,claras,,
1,puente,1,suponen,1,tareas,,
1,mando,1,inyección,1,realiza,,
1,poniendo,1,catorce,1,unidad,,
1,prueba,1,damos,1,militar,,
1,coalición,1,político,1,decimosexta,,
1,ley,1,sabia,1,edición,,
1,guardar,1,damnificada,1,trenes,,
1,discreción,1,encontrará,1,jefe,,
1,confidencialidad,1,abrigo,1,laura,,
1,aportando,1,ruta,1,esté,,
1,enriquecedor,1,comunitario,1,solicitando,,
1,defina,1,fiscales,1,contrae,,
1,sosegado,1,urgencias,1,hacerla,,
1,intenso,1,abastecimiento,1,desinfectante,,
1,detallado,1,amante,1,consejo,,
1,abajo,1,médico,1,proceder,,
1,científicas,1,pasé,1,fueras,,
1,vítor,1,hagamos,1,vitoria,,
1,mirón,1,deberes,1,ayuda,,
1,abc,1,tendría,1,acá,,
1,planteado,1,revitalización,1,acuartelamiento,,
1,deliberación,1,surgió,1,prevención,,
1,miembro,1,mesa,1,localidad,,
1,control,1,programa,1,g,,
1,fuerte,1,sólido,1,instalación,,
1,nacionalización,1,fuerte,1,hospitalidad,,
1,sectores,1,atraviesa,1,exactamente,,
1,eléctrico,1,inquietud,1,diferenciados,,
1,contamos,1,formulados,1,doctor,,
1,confianza,1,minutos,1,llevo,,
1,cámara,1,punta,1,leído,,
1,mayoritaria,1,will,1,investigador,,
1,logremos,1,formula,1,alemán,,
1,t,1,confinamiento,1,genérica,,
1,v,1,cataluña,1,descubierto,,
1,ve,1,dinamita,1,neutralización,,
1,calatrava,1,generalitat,1,circulan,,
1,presiden,1,protagonistas,1,revisando,,
1,rápido,1,defenderlo,1,suficientemente,,
1,confinar,1,contenerlo,1,recibido,,
1,honorarios,1,propagar,1,referencia,,
1,experiencia,1,estemos,1,evidencia,,
1,venido,1,ministro,1,mínima,,
1,acumuladas,1,vaciamiento,1,investiga,,
1,lucha,1,científico,1,comunicarse,,
1,pared,1,seremos,1,comunicará,,
1,contenerlo,1,intervención,1,ay,,
1,posteriormente,1,fases,1,casuística,,
1,erradicación,1,tasa,1,notoria,,
1,propicia,1,incremento,1,trasladamos,,
1,mos,1,quedaron,1,relacionada,,
1,alejamiento,1,roma,1,diabético,,
1,siguió,1,enfatizó,1,régimen,,
1,supermercado,1,perfectamente,1,determinado,,
1,municipal,1,empiece,1,acompañamiento,,
1,s,1,disminuir,1,experto,,
1,garantizamos,1,empieza,1,leyes,,
1,conciudadanos,1,crecer,1,enen,,
1,vayan,1,lentamente,1,decretos,,
1,tendero,1,flecha,1,leyendo,,
1,venda,1,descienda,1,revalorar,,
1,territoriales,1,numero,1,incitó,,
1,protegerla,1,aporte,1,avistamiento,,
1,restringiendo,1,plano,1,implica,,
1,derechos,1,diez,1,transmisión,,
1,halcón,1,kitty,1,encargadas,,
1,hábitos,1,argumento,1,aló,,
1,gerona,1,poderoso,1,pensar,,
1,valle,1,obtuvo,1,sucedió,,
1,arán,1,eventual,1,error,,
1,ourense,1,fijo,1,tratáramos,,
1,lugo,1,familia,1,londinenses,,
1,juan,1,proveer,1,particulares,,
1,mari,1,suficientes,1,hallamos,,
1,medicinas,1,extendió,1,medida,,
1,cajeros,1,poderosos,1,funcionará,,
1,animal,1,ámbitos,1,español,,
1,doméstico,1,realidad,1,catorce,,
1,definitivas,1,inquilinos,1,veintiuno,,
1,cotidianas,1,propiedades,1,enseñaba,,
1,justificar,1,construimos,1,incrementando,,
1,via,1,diaria,1,merecen,,
1,publica,1,oportunidades,1,conscientes,,
1,trasladamos,1,quedado,1,hagamos,,
1,único,1,frenadas,1,emma,,
1,sabido,1,cope,1,inmejorables,,
1,noticias,1,prepararse,1,podremos,,
1,eh,1,ciudadania,1,volver,,
1,costa,1,prolongado,1,rutinaria,,
1,montaña,1,drásticas,1,pedir,,
1,podían,1,satisfecho,1,disculpas,,
1,residente,1,comportamiento,1,discapacitado,,
1,playa,1,comprometidos,1,términos,,
1,terraza,1,trasladamos,1,adoptar,,
1,estación,1,duras,1,salida,,
1,esquí,1,presentaron,1,pretender,,
1,autónoma,1,vuelta,1,trasladarse,,
1,potenciales,1,constitucionalmente,1,segundas,,
1,hacía,1,comparecer,1,savia,,
1,referencia,1,congreso,1,reforzar,,
1,quejándonos,1,representan,1,sistemas,,
1,leyendo,1,aprovechar,1,aspectos,,
1,televisión,1,tomando,1,fiesta,,
1,estando,1,ánimo,1,mantenerse,,
1,quehacer,1,significará,1,criterios,,
1,limitado,1,recuperamos,1,verano,,
1,proximos,1,volvemos,1,cerró,,
1,disciplinados,1,quehaceres,1,imprescindibles,,
1,ganaremos,1,diarios,1,adiós,,
1,expansión,1,volcán,1,haremos,,
1,mozambique,1,sentimos,1,controles,,
1,atribuyen,1,orgullosos,1,necesarios,,
1,semana,1,obras,1,establecidas,,
1,especificando,1,llevan,1,rol,,
1,esperado,1,presión,1,manejo,,
1,aplicar,1,estrés,1,querían,,
1,determinar,1,hacerles,1,regresar,,
1,presencial,1,partícipes,1,saturación,,
1,precaución,1,partido,1,líneas,,
1,estarían,1,crecientes,1,imposibilidad,,
1,notables,1,económicosocial,1,acoger,,
1,cuarentena,1,provenientes,1,espacio,,
1,consejos,1,revaluar,1,enviarles,,
1,máximas,1,balada,1,recordarle,,
1,positivo,1,criterios,1,circulando,,
1,test,1,consideración,1,colocar,,
1,socialmente,1,rendir,1,serie,,
1,hallado,1,tributo,1,comedias,,
1,igualdad,1,centro,1,imágenes,,
1,política,1,alertas,1,pretende,,
1,acudir,1,emergencias,1,repatriar,,
1,celebrarlo,1,simón,1,siquiera,,
1,vicepresidentes,1,equipo,1,aterrizar,,
1,suele,1,informativa,1,apoyar,,
1,transparente,1,imprescindible,1,ingente,,
1,diáfano,1,diria,1,montón,,
1,minuto,1,asesoramiento,1,muchísimas,,
1,aprovechó,1,eficaz,1,embajadas,,
1,desafío,1,contención,1,repatriación,,
1,salgamos,1,casas,1,aéreas,,
1,conjuntamente,1,hogares,1,entendiendo,,
1,luca,1,comprender,1,actitud,,
1,maestro,1,individualmente,1,absolutamente,,
1,voluntad,1,formulado,1,favorable,,
1,lograrlo,1,coincidentes,1,fat,,
1,novia,1,combinadas,1,tratan,,
1,comunicar,1,alan,1,ministra,,
1,hablé,1,prevista,1,paciencia,,
1,fed,1,flexibilizar,1,instrumental,,
1,alguien,1,entrada,1,soluciones,,
1,hable,1,lugares,1,respecta,,
1,federación,1,destinados,1,concentran,,
1,animo,1,compra,1,entró,,
1,inquietudes,1,ordenadores,1,pura,,
1,suministrar,1,fomentar,1,relación,,
1,iniciativas,1,diría,1,através,,
1,consideran,1,previsiones,1,diplomática,,
1,positivas,1,clara,1,contestar,,
1,formaciones,1,destrucción,1,uu,,
1,nación,1,racialmente,1,incrementado,,
1,aplico,1,próximas,1,sanciones,,
1,empáticos,1,interés,1,apelan,,
1,videoconferencia,1,presentar,1,afluencia,,
1,coordinado,1,venció,1,compatibles,,
1,yang,1,escobilla,1,ambas,,
1,pusimos,1,situarnos,1,informaciones,,
1,aplazamiento,1,mirando,1,distinto,,
1,pago,1,futuro,1,montazo,,
1,deudas,1,olvidando,1,nomo,,
1,tributarias,1,desgraciado,1,anda,,
1,antenas,1,formulan,1,supo,,
1,pequeñas,1,demasiadas,1,estadísticos,,
1,medianas,1,preguntar,1,concretos,,
1,implicaba,1,ajena,1,tengan,,
1,inyección,1,concreto,1,bretaña,,
1,catorce,1,conocido,1,frondas,,
1,millones,1,previo,1,pedagogía,,
1,euros,1,opina,1,debate,,
1,cosa,1,ocurrido,1,mano,,
1,quemaste,1,conoces,1,creemos,,
1,sufrir,1,previamente,1,hordas,,
1,beatriz,1,sobresaltado,1,cumplirlo,,
1,fernández,1,juicio,1,pueblo,,
1,press,1,único,1,lógicamente,,
1,probables,1,tomada,1,acabar,,
1,deba,1,rey,1,quieras,,
1,progrese,1,sexto,1,añadir,,
1,allá,1,apoyos,1,despedimos,,
1,puesto,1,coherente,1,hicimos,,
1,fundamentalmente,1,tendentes,1,pantalla,,
1,indispensables,1,reinado,1,paramos,,
1,esperamos,1,ii,1,participantes,,
1,senda,1,aman,1,encarga,,
1,asesoramiento,1,impulsando,1,análisis,,
1,realmente,1,preguntan,1,pandemia,,
1,esperemos,1,onda,1,curva,,
1,decretar,1,hilo,1,elaborada,,
1,tardaremos,1,conductor,1,comenzaron,,
1,corresponsal,1,niñas,1,preguntado,,
1,internacional,1,solventado,1,hacernos,,
1,lemon,1,internas,1,descontrolados,,
1,sandy,1,surgidas,1,pública,,
1,moderno,1,unidas,1,próximas,,
1,discrepancias,1,pactar,1,conocido,,
1,expliquen,1,matarnos,1,desinfectar,,
1,retraso,1,visto,1,instalaciones,,
1,insiste,1,preciado,,,,
1,aprobada,1,soltura,,,,
1,significan,1,café,,,,
1,quita,1,implicar,,,,
1,escala,1,humo,,,,
1,cálculo,1,presupuestario,,,,
1,plantea,1,revitalizar,,,,
1,periodista,1,oportunidad,,,,
1,francés,1,celebrar,,,,
1,monde,1,video,,,,
1,digamos,1,conferencia,,,,
1,determinado,1,insisten,,,,
1,comenzó,1,involucrar,,,,
1,específicas,1,instrumentos,,,,
1,planteamiento,1,vano,,,,
1,aprobación,1,eh,,,,
1,ciento,1,demonios,,,,
1,dieciseis,1,política,,,,
1,dotar,1,sacaron,,,,
1,solución,1,comparte,,,,
1,diciendo,1,hubiera,,,,
1,ciudadana,1,plurales,,,,
1,plus,1,problema,,,,
1,ampliar,1,realidades,,,,
1,contacto,1,abortar,,,,
1,compatriotas,1,ejecutivo,,,,
1,portadores,1,desafió,,,,
1,coronarios,1,grande,,,,
1,practicando,1,fórmula,,,,
1,palancas,1,unen,,,,
1,contundente,1,tuvimos,,,,
1,finalizar,1,cenar,,,,
1,ayudas,1,acabar,,,,
1,llegan,1,derrotar,,,,
1,decenas,1,habido,,,,
1,periodistas,1,grupos,,,,
1,quise,1,reprochado,,,,
1,miles,1,quepis,,,,
1,volverte,1,durará,,,,
1,inquieto,1,coloquialmente,,,,
1,insulares,1,prudentemente,,,,
1,baleares,1,órgano,,,,
1,canales,1,colegiado,,,,
1,preguntan,1,pedagógica,,,,
1,salido,1,calle,,,,
1,laborales,1,liberación,,,,
1,vacacionales,1,reconocidos,,,,
1,tengan,1,pretendido,,,,
1,regresar,1,guardar,,,,
1,sometido,1,desequilibrio,,,,
1,exigencias,1,equilibrio,,,,
1,decidido,1,respetar,,,,
1,obligados,1,afortunadamente,,,,
1,comida,1,nación,,,,
1,medicamentos,1,beneficiamos,,,,
1,ayudar,1,plantea,,,,
1,discapacitado,1,actuado,,,,
1,efectivamente,1,minuto,,,,
1,ocurrir,1,ayuntamiento,,,,
1,metropolitanas,1,diputación,,,,
1,influjo,1,cabildo,,,,
1,león,1,conceizao,,,,
1,mauricio,1,muni,,,,
1,mancha,1,autónoma,,,,
1,aragón,1,tomado,,,,
1,utilizar,1,rotunda,,,,
1,desplazarse,1,hayamos,,,,
1,privado,1,discrepancia,,,,
1,compartir,1,equipos,,,,
1,rato,1,consejerías,,,,
1,mascota,1,contrario,,,,
1,tendremos,1,reconocemos,,,,
1,oh,1,pese,,,,
1,juntos,1,perspectivas,,,,
1,compañías,1,agradecemos,,,,
1,aéreas,1,perros,,,,
1,restrinjan,1,ideología,,,,
1,cincuenta,1,pertenezca,,,,
1,significa,1,segoviano,,,,
1,enfermado,1,actuando,,,,
1,pude,1,críticas,,,,
1,desuso,1,intensas,,,,
1,enfermo,1,acabo,,,,
1,cayó,1,colgar,,,,
1,ife,1,teléfono,,,,
1,disfrutar,1,república,,,,
1,fiesta,1,popular,,,,
1,producirá,1,china,,,,
1,sofista,1,estuve,,,,
1,dure,1,desafio,,,,
1,sometidos,1,extraordinaria,,,,
1,formulamos,1,unido,,,,
1,llegada,1,delibera,,,,
1,cristina,1,decide,,,,
1,independiente,1,tranquilidad,,,,
1,toca,1,refirió,,,,
1,punto,1,estación,,,,
1,clave,1,consiga,,,,
1,preguntando,1,impiden,,,,
1,controlar,1,independiente,,,,
1,salten,1,chino,,,,
1,manos,1,queríamos,,,,
1,policia,1,acusado,,,,
1,local,1,luchar,,,,
1,policías,1,chi,,,,
1,instancia,1,precisamente,,,,
1,gustaria,1,elementos,,,,
1,jamás,1,conversación,,,,
1,subconsciente,1,finalizamos,,,,
1,mayoría,1,internacional,,,,
1,convertirse,1,bloomberg,,,,
1,actor,1,television,,,,
1,principal,1,rodrigo,,,,
1,protagonista,1,francés,,,,
1,mayoria,1,colonia,,,,
1,querer,1,italiano,,,,
1,escupir,1,contemplando,,,,
1,auto,1,eros,,,,
1,impuesto,1,estaria,,,,
1,acabar,1,dispuesta,,,,
1,recuperar,1,similar,,,,
,,1,hiciese,,,,
,,1,vio,,,,
,,1,obvio,,,,
,,1,vencerla,,,,
,,1,durar,,,,
,,1,intensa,,,,
,,1,corta,,,,
,,1,planteando,,,,
,,1,asunción,,,,
,,1,asimilación,,,,
,,1,damnificados,,,,
,,1,cierre,,,,
,,1,verse,,,,
,,1,desatendidos,,,,
,,1,miedo,,,,
,,1,asume,,,,
,,1,vendrá,,,,
,,1,pedir,,,,
,,1,perspectiva,,,,
,,1,agrupar,,,,
,,1,garantizados,,,,
,,1,definitivo,,,,
,,1,publique,,,,
,,1,boletín,,,,
,,1,oficial,,,,
,,1,particularidades,,,,
,,1,técnicas,,,,
,,1,cesio,,,,
,,1,hacía,,,,
,,1,retribución,,,,
,,1,contar,,,,
,,1,difícilmente,,,,
,,1,certeza,,,,
,,1,abriéndolos,,,,
,,1,robándoles,,,,
,,1,esperamos,,,,
,,1,gasto,,,,
,,1,interno,,,,
,,1,procedente,,,,
,,1,ponemos,,,,
,,1,empatía,,,,
,,1,compatriota,,,,
,,1,duro,,,,
,,1,ok,,,,
,,1,inquilino,,,,
,,1,propietario,,,,
,,1,respire,,,,
,,1,palpa,,,,
,,1,convencido,,,,
,,1,tardes,,,,
,,1,participantes,,,,
