2020-03-14,,2020-03-18_defensa,,2020-03-18_Interior_fuerzas_cuerpos_seguridad,,2020-03-18_Interior_penitenciarias,,2020-03-18_Interior_proteccion_civil,,2020-03-18_sanidad_contencion,,2020-03-18_sanidad_informacion,,2020-03-18_sanidad_recursos_humanos,,2020-03-18_tma_transportes,,2020-03-18_tma_transportes_ccaa_locales,,2020-03-18_tma_transportes_personas,
Veces,Palabra,Veces,Palabra,Veces,Palabra,Veces,Palabra,Veces,Palabra,Veces,Palabra,Veces,Palabra,Veces,Palabra,Veces,Palabra,Veces,Palabra,Veces,Palabra
35,servicios,19,Defensa,41,Cuerpos,5,marzo,10,Protección,12,medidas,5,información,17,profesionales,5,14,9,servicios,8,mensaje
27,medidas,11,personal,38,Seguridad,5,internos,10,Civil,11,información,5,sujetos,16,sanitarios,4,4,6,situación,7,alarma
22,autoridades,9,sanitaria,33,servicios,5,centros,8,artículo,10,disposiciones,4,marzo,15,autónomas,4,alarma,6,14,6,14
21,Ley,9,Ministerio,27,medidas,4,Real,8,Emergencias,10,autónomas,4,territorio,14,servicios,4,marzo,6,transporte,6,marzo
21,1,8,alarma,25,marzo,4,Decreto,7,protección,10,orden,4,nacional,13,comunidades,4,facilitar,5,alarma,5,artículo
21,asimilables,8,Fuerzas,23,Real,4,463/2020,6,civil,9,COVID-19,4,Sanidad,12,sanitaria,3,nacional,5,sanitaria,5,Real
20,Artículo,8,Armadas,23,Decreto,4,14,6,CENEM,9,comunidades,4,orden,12,medidas,3,Real,5,marzo,5,Decreto
20,transporte,8,militar,23,Fuerzas,3,alarma,5,marzo,7,Sanidad,4,obligados,9,Real,3,Decreto,4,artículo,5,proceso
19,artículo,8,medidas,22,463/2020,3,situación,5,Nacional,6,Real,3,COVID-19,9,Decreto,3,463/2020,4,Real,4,situación
19,Ministro,6,artículo,22,14,3,artículo,5,Comunidades,6,Decreto,3,Salud,9,formación,3,Ministro,4,Decreto,4,ocasionada
18,competentes,6,marzo,19,alarma,3,penitenciarios,5,Ciudades,6,14,3,Real,8,Salud,3,Transportes,4,463/2020,4,COVID-19
17,locales,6,situación,19,seguridad,2,medidas,5,Estatuto,6,vigor,3,Decreto,7,marzo,3,Movilidad,4,Transportes,4,crisis
17,necesarias,6,autoridad,18,Policía,2,gestión,5,Autonomía,6,contención,3,productos,7,Sanidad,3,Agenda,4,Movilidad,4,sanitaria
16,alarma,5,crisis,17,Ley,2,crisis,5,medidas,6,apartado,3,presente,7,centros,3,Urbana,4,Agenda,4,463/2020
16,real,5,Real,16,competente,2,sanitaria,5,órganos,6,Nacional,3,Orden,7,orden,3,transporte,4,Urbana,4,venta
16,decreto,5,Decreto,15,autoridad,2,ocasionada,4,Real,6,remitirá,3,protección,7,1,3,servicios,4,público,4,billetes
15,e,5,463/2020,14,Orgánica,2,COVID-19,4,Decreto,6,forma,3,publicación,7,personal,3,profesionales,3,evolución,3,1
15,público,5,14,14,caso,2,vigencia,4,463/2020,6,agregada,2,situación,7,comunidad,3,deberán,3,ocasionada,3,2
14,2,5,red,14,órdenes,2,declarado,4,14,6,comunidad,2,salud,7,autónoma,3,conductores,3,COVID-19,3,contenido
13,personas,5,capacidades,14,personas,2,suspenden,4,situación,6,autónoma,2,pública,7,meses,2,situación,3,nacional,3,orden
13,establecimientos,5,efectos,14,cumplimiento,2,comunicaciones,4,servicios,5,marzo,2,11,6,14,2,ocasionada,3,territorio,3,declara
13,actividades,4,Ley,14,policiales,2,salidas,4,comunicación,5,entrada,2,463/2020,6,COVID-19,2,COVID-19,3,crisis,3,gestión
12,b,4,Orgánica,13,previstas,2,7,3,alarma,5,autoridades,2,14,6,territorio,2,e,3,Ministro,3,Artículo
11,pública,4,caso,13,garantizar,2,tengan,3,Interior,5,locales,2,alarma,6,especialista,2,amparo,3,autoridad,3,presente
11,3,4,públicas,13,protección,1,marco,3,Ley,5,público,2,Ministro,6,atención,2,artículo,3,competente,3,3
11,4,4,Ministra,13,bienes,1,previstas,3,Sistema,5,remitida,2,Nacional,6,Medicina,2,territorio,3,orden,2,nacional
11,delegadas,4,competente,12,artículo,1,declara,3,competentes,5,Instituto,2,aplicación,6,2,2,crisis,3,2,2,amparo
11,protección,4,instrucción,12,Interior,1,conforme,3,instrucciones,5,Gestión,2,Ministerio,6,Ministerio,2,sanitaria,3,titularidad,2,4
11,caso,4,ámbito,12,Comunidades,1,atribuciones,3,necesarias,5,Sanitaria,2,desarrollo,6,funciones,2,artículos,3,porcentajes,2,territorio
11,productos,4,coordinación,12,Autónomas,1,confiere,3,Dirección,5,Centro,2,previsto,5,463/2020,2,necesarios,3,reducción,2,apartado
10,presente,4,autoridades,12,centros,1,4.3,3,CECO,5,Hospitalario,2,personas,5,gestión,2,orden,3,caso,2,transporte
10,órdenes,4,militares,11,1,1,acordado,3,Generales,4,463/2020,2,jurídicas,5,situación,2,medidas,2,rapidez,2,determina
10,bienes,4,Sanidad,11,declaración,1,adoptan,3,Comunicación,4,adoptadas,2,nacionales,5,crisis,2,apartado,2,pública,2,deberán
9,salud,4,Subsecretario,11,salud,1,siguientes,3,informes,4,competentes,2,extranjeras,5,salud,2,necesarias,2,amparo,2,incluir
9,Orgánica,3,b,11,Locales,1,relación,2,gestión,4,entidades,2,ubicadas,5,artículo,2,objeto,2,1,2,desaconseje
9,Transportes,3,Nacional,11,Autoridad,1,ordinarias,2,crisis,4,coronavirus,2,tengan,5,autoridades,2,garantizar,2,artículos,2,viajar
9,Movilidad,3,seguridad,11,necesidad,1,dada,2,Ministro,4,ámbito,2,apartado,5,medios,2,instrucciones,2,4,2,razones
9,Agenda,3,necesidades,11,Autoridades,1,limitación,2,emergencias,4,supuestos,2,tercero,5,establecimientos,2,acceso,2,14.1,2,inaplazables
9,Urbana,3,COVID-19,11,productos,1,libertad,2,17/2015,4,Ministerio,2,Mascarilla,5,recursos,2,establecimientos,2,medidas,2,características
9,competente,3,real,10,establecimientos,1,circulación,2,9,4,cuarto,2,Kits,5,pruebas,2,dispongan,2,previstas,2,Ministro
9,autoridad,3,decreto,10,Secretaría,1,familias,2,julio,4,publicación,2,diagnóstico,5,efectos,2,tipo,2,apartado,2,Transportes
9,garantizar,3,actuación,10,Coordinación,1,amigos,2,autoridades,4,Información,2,consumibles,5,prestación,2,instalaciones,2,viajeros,2,Movilidad
9,centros,3,garantizar,9,Gobierno,1,visitan,2,e,4,privado,2,VMI,5,asistenciales,2,operaciones,2,competencia,2,Agenda
9,plazos,3,carácter,9,actuaciones,1,b,2,garantizar,3,situación,2,modelo,5,aplicación,1,rapidez,2,autonómica,2,Urbana
8,nacional,3,nacional,9,necesarias,1,permiso,2,Comité,3,establece,2,declaración,5,residentes,1,evolución,2,local,2,recogido
8,Gobierno,3,aplicación,9,Corporaciones,1,programadas,2,Estatal,3,ocasión,2,plazo,4,reforzar,1,emergencia,2,establecer,2,inicio
8,territorio,3,recursos,9,relación,1,salida,2,Coordinación,3,Ministro,2,administrativa,4,Nacional,1,salud,2,condiciones,2,determinadas
8,Sanidad,3,cumplimiento,9,coordinación,1,causas,2,integrarán,3,autoridad,2,Ley,4,nacional,1,pública,2,específicas,2,personas
8,lugares,3,disposición,9,Ministro,1,fuerza,2,estime,3,competente,2,Contencioso,4,sanitarias,1,escala,2,prestación,2,actividades
8,Disposición,3,Militar,9,sanitarios,1,necesidad,2,reforzada,3,presente,1,motivo,4,servicio,1,internacional,2,dichos,2,deberá
7,seguridad,3,actual,9,necesario,1,evitar,2,Centro,3,recursos,1,emergencia,4,personas,1,Gobierno,2,aplicación,2,compra
7,c,3,JEMAD,9,e,1,desplazamientos,2,habrán,3,13,1,provocada,4,duración,1,dispuesto,2,actuaciones,1,rapidez
7,disposiciones,3,reserva,8,4/1981,1,prohibidos,2,adoptadas,3,intervalo,1,Organización,4,necesidades,1,apartados,2,necesario,1,evolución
7,necesarios,3,destino,8,esenciales,1,c,2,Orden,3,viernes,1,Mundial,4,humanos,1,b,2,realidad,1,emergencia
7,autonómicas,2,excepción,8,ámbito,1,clasificados,2,Ministerial,3,Número,1,elevó,4,contratación,1,d,2,declara,1,salud
7,adicional,2,Gobierno,8,lugares,1,tercer,2,Direcciones,2,gestión,1,pandemia,4,puedan,1,Ley,2,gestión,1,pública
7,necesario,2,sanitarias,8,actuación,1,grado,2,u,2,crisis,1,internacional,4,miembros,1,Orgánica,2,Artículo,1,escala
7,vehículos,2,misiones,8,personal,1,aplicado,2,equivalentes,2,sanitaria,1,2020,4,Unión,1,4/1981,2,puedan,1,e
7,circulación,2,Administraciones,8,ejecución,1,régimen,2,entrada,2,efectos,1,Gobierno,4,Europea,1,1,2,autoridades,1,internacional
7,necesidad,2,supuestos,8,autoridades,1,flexibilidad,2,vigor,2,toma,1,Nación,4,año,1,junio,2,locales,1,Gobierno
7,servicio,2,grave,8,competentes,1,hallen,2,información,2,decisiones,1,ejercicio,4,Enfermería,1,excepción,2,deberán,1,dispuesto
7,acordar,2,riesgo,8,Número,1,destinados,2,ámbito,2,actúe,1,competencias,4,autoridad,1,sitio,1,emergencia,1,apartados
7,Medidas,2,catástrofe,7,territorio,1,inserción,2,continuarán,2,delegada,1,constitucionalmente,4,competente,1,declarado,1,salud,1,b
6,situación,2,calamidad,7,conforme,1,social,2,iniciativa,2,obligación,1,atribuidas,4,reincorporación,1,afrontar,1,escala,1,d
6,derechos,2,u,7,pública,1,secciones,2,ordinaria,2,comunicar,1,acordó,4,asistencia,1,14.1,1,e,1,Ley
6,4/1981,2,operaciones,7,prestación,1,abiertas,2,6,2,adoptado,1,declarar,4,sanitario,1,autoridad,1,internacional,1,Orgánica
6,junio,2,gestión,7,necesarios,1,ordinarios,2,adoptarán,2,términos,1,habilita,3,declara,1,competente,1,Gobierno,1,4/1981
6,previstas,2,ocasionada,7,delegada,1,salir,2,correspondientes,2,remitir,1,autoridad,3,alarma,1,delegada,1,dispuesto,1,junio
6,Interior,2,instrucciones,7,presente,1,realización,2,pública,2,Anexo,1,competente,3,ocasionada,1,áreas,1,cuarto,1,excepción
6,prestación,2,necesarias,7,b,1,actividades,2,mensajes,2,Coronavirus,1,delegada,3,dirigidas,1,responsabilidad,1,apartados,1,sitio
6,vigencia,2,sanitarios,7,perjuicio,1,expresamente,1,declara,2,enumerados,1,adoptar,3,Sistema,1,queda,1,b,1,declarado
6,Nacional,2,Sistema,7,funcionamiento,1,relacionadas,1,sanitaria,2,recaigan,1,medidas,3,trabajadores,1,habilitado,1,d,1,afrontar
6,5,2,Salud,7,Centro,1,mencionado,1,ocasionada,2,competencial,1,considere,3,pudiendo,1,dictar,1,Ley,1,medidas
6,Fuerzas,2,territorio,6,nacional,1,real,1,COVID-19,2,adoptarán,1,oportunas,3,ámbito,1,actos,1,Orgánica,1,contención
6,asegurar,2,servicio,6,previsto,1,decreto,1,designa,2,oficio,1,dirigidas,3,correspondientes,1,disposiciones,1,4/1981,1,previstas
6,sanitarios,2,presente,6,coronavirus,1,adoptándose,1,4.2.b,2,solicitud,1,reforzar,3,posibilidad,1,protección,1,junio,1,citado
6,actividad,2,previsto,6,materia,1,protocolos,1,autoridad,2,motivada,1,Sistema,3,carácter,1,personas,1,excepción,1,regula
6,operadores,2,miembros,6,objeto,1,establecidos,1,delegada,2,deberán,1,virtud,3,presente,1,bienes,1,sitio,1,relativas
6,esenciales,2,sanitario,6,efectos,1,regresen,1,área,2,plazo,1,resuelvo,3,materia,1,lugares,1,declarado,1,materia
6,ferroviarios,2,citado,6,naturaleza,1,centro,1,responsabilidad,2,ámbitos,1,Determinar,3,garantizar,1,necesidad,1,afrontar,1,transportes
6,50,2,c,6,Ministerio,1,penitenciario,1,determinando,2,epidemiológica,1,procedimiento,3,prevé,1,procedimiento,1,delegada,1,concretando
6,Salas,2,competentes,6,directas,1,caso,1,5.4,2,capacidad,1,suministrar,3,selectivas,1,administrativo,1,áreas,1,aplicables
6,instalaciones,2,delegadas,6,seguimiento,1,desplazamiento,1,intervención,2,asistencial,1,integrados,3,plazas,1,contención,1,responsabilidad,1,interior
5,sanitaria,2,Unidad,6,locales,1,deberán,1,asistencia,2,necesidades,1,ámbito,3,superado,1,previstas,1,queda,1,epígrafe
5,ejercicio,2,Emergencias,6,2,1,respetarse,1,definidos,2,humanos,1,declara,3,realización,1,real,1,habilitado,1,f
5,dispuesto,2,Inspección,6,planes,1,recomendaciones,1,17,2,materiales,1,gestión,3,prácticas,1,decreto,1,dictar,1,sistemas
5,d,2,disponibilidad,6,vehículos,1,obligaciones,1,actuarán,2,Contencioso,1,crisis,3,condiciones,1,citado,1,actos,1,online
5,efectos,2,Secretario,6,actividades,1,dictadas,1,dependencia,2,casos,1,sanitaria,3,reconocimiento,1,regula,1,disposiciones,1,suficientemente
5,Asimismo,2,Jefes,6,miembros,1,autoridades,1,funcional,2,concreto,1,ocasionada,3,títulos,1,relativas,1,necesarios,1,visible
5,dictar,2,Ejércitos,6,correspondientes,1,sanitarias,1,4.3,2,diariamente,1,actividad,3,Ciencias,1,materias,1,protección,1,estableciendo
5,oficio,2,Armada,6,puedan,1,d,1,atribuye,2,Adicionalmente,1,fabricación,3,obtenidos,1,transportes,1,personas,1,anuncio
5,previsto,2,Jefe,6,público,1,ampliarán,1,Ministros,2,relacionada,1,importación,3,voluntariamente,1,concretando,1,bienes,1,establecerán
5,disposición,2,activo,6,transporte,1,telefónicas,1,designados,2,ambulancias,1,recogidos,3,jubilación,1,2,1,lugares,1,virtud
5,Seguridad,2,consecuencia,6,dispositivos,1,autorizadas,1,delegadas,2,medicalizadas,1,Asimismo,3,prestar,1,aplicables,1,necesidad,1,habilitación
5,ámbito,2,determine,6,públicos,1,especialmente,1,habilitación,2,notificado,1,capacidad,3,previsto,1,interior,1,procedimiento,1,contenida
5,siguientes,2,resto,6,apoyo,1,abogados,1,dictar,2,cambio,1,previstos,3,Medidas,1,indicando,1,administrativo,1,artículos
5,alimentos,2,e,6,ejercicio,1,quede,1,órdenes,2,produzca,1,Tercero,3,3,1,establecerá,1,contención,1,dispongo
5,materia,2,crítico,5,España,1,garantizado,1,resoluciones,1,disposición,1,deberán,3,4,1,condiciones,1,real,1,Objeto
5,términos,2,Medidas,5,declara,1,derecho,1,disposiciones,1,declara,1,presentar,3,título,1,mercancías,1,decreto,1,objeto
5,distancia,2,derivadas,5,sanitarias,1,defensa,1,interpretativas,1,alarma,1,siguientes,3,ejercicio,1,abastecimiento,1,citado,1,definir
5,suspenden,1,4/1981,5,sanitaria,1,orden,1,prestación,1,ocasionada,1,Mascarillas,3,contratados,1,considerado,1,regula,1,14.2.f
5,relación,1,1,5,circunstancias,1,eficaz,1,ordinarios,1,quedan,1,quirúrgicas,3,contrato,1,conveniente,1,relativas,1,Ámbito
5,públicas,1,junio,5,atribuciones,1,publicación,1,extraordinarios,1,ratificadas,1,tipo,3,suscriba,1,fijar,1,materias,1,objetivo
5,medios,1,sitio,5,Asimismo,1,Boletín,1,orden,1,continúan,1,II,3,sucesivos,1,sector,1,transportes,1,aplicación
5,titularidad,1,determina,5,pudiendo,1,Oficial,1,personas,1,vigentes,1,IIR,3,asistencial,1,ejercicio,1,concretando,1,00:00
5,abastecimiento,1,cuarto,5,dispuesto,1,mantendrá,1,bienes,1,producirán,1,FFP2,3,dispuesto,1,actividad,1,aplicables,1,17
5,establecer,1,letra,5,Orden,1,eficacia,1,lugares,1,previstos,1,FFP3,3,Ley,1,habilitación,1,interior,1,2020
5,condiciones,1,facultades,5,c,1,Madrid,1,virtud,1,resulten,1,PCR,3,médicos,1,contenida,1,concreto,1,establece
5,viajeros,1,otorga,5,actividad,1,15,1,dispongo,1,compatibles,1,rápido,3,jornada,1,declara,1,c,1,obligación
5,sometidos,1,116.2,5,3,1,2020.–El,1,Constitución,1,citado,1,detección,3,privados,1,gestión,1,indica,1,compañías
5,resolución,1,Constitución,5,agentes,1,Ministro,1,procederá,1,Asimismo,1,antígeno,3,competentes,1,dispongo,1,carretera,1,marítimas
5,Servicios,1,española,5,servicio,1,Interior,1,convocar,1,entrado,1,Hisopos,3,necesarias,1,Artículo,1,ferroviarios,1,aéreas
5,Locales,1,declarar,5,funciones,1,Fernando,1,inmediatamente,1,imprescindible,1,Gafas,2,Boletín,1,único,1,marítimo,1,terrestre
5,Bares,1,tales,5,Medidas,1,Grande,1,Consejeros,1,necesario,1,Guantes,2,Oficial,1,suministro,1,sometidos,1,persona
4,adopción,1,epidemias,5,circulación,1,Marlaska,1,materia,1,adoptar,1,nitrilo,2,contempla,1,combustible,1,contrato,1,física
4,crisis,1,situaciones,5,tipo,1,Gómez,1,Autónomas,1,adopten,1,polvo,2,serie,1,aseo,1,u,1,jurídica
4,ciudadanos,1,contaminación,5,resulte,,,1,delegación,1,principios,1,Batas,2,progresión,1,centros,1,OSP,1,intervenga
4,apartado,1,graves,5,operadores,,,1,Directores,1,coordinación,1,desechables,2,regula,1,carga,1,mantener,1,comercialización
4,facultades,1,5/2005,5,críticos,,,1,Delegados,1,unidad,1,e,2,administraciones,1,descarga,1,oferta,1,habiliten
4,temporales,1,17,5,resistencia,,,1,Gobierno,1,decisión,1,impermeables,2,públicas,1,cuenten,1,aconseje,1,trayecto
4,carácter,1,noviembre,4,4,,,1,Administraciones,1,garantizar,1,Solución,2,Ministro,1,medida,1,garantizar,1,origen
4,suspensión,1,establece,4,junio,,,1,Públicas,1,coherencia,1,hidroalcohólica,2,protección,1,realicen,1,efectiva,1,destino
4,Ministra,1,15.3,4,excepción,,,1,oportuno,1,asegurar,1,biocida,2,bienes,1,puedan,1,precepto,1,español
4,Defensa,1,Instituciones,4,situación,,,1,presidencia,1,efectividad,1,cosmético,2,lugares,1,exigir,1,considerado,1,incluyan
4,Ministros,1,preservar,4,COVID-19,,,1,vigencia,1,favorecer,1,materias,2,extraordinarios,1,seguirán,1,conveniente,1,Orden
4,funciones,1,bienestar,4,marco,,,1,establece,1,cohesión,1,primas,2,naturaleza,1,criterios,1,clarificar,1,Características
4,competencia,1,ciudadanos,4,ámbitos,,,1,sistema,1,equidad,1,Dispositivos,2,locales,1,prevención,1,ámbito,1,incluirá
4,extraordinarios,1,16.e,4,colaboración,,,1,autonómicos,1,conjunto,1,ventilación,2,adopten,1,carácter,1,territorial,1,on
4,orden,1,configura,4,necesaria,,,1,dirigirse,1,territorio,1,mecánica,2,determinar,1,establezca,1,relación,1,line
4,legislación,1,tipos,4,extraordinarios,,,1,informaciones,1,nacional,1,invasiva,2,real,1,Ministerio,1,exige,1,INFORMACIÓN
4,tramitación,1,colaboración,4,impartir,,,1,operativas,1,dirigidas,1,Fungibles,2,decreto,1,Sanidad,1,escenario,1,IMPORTANTE
4,procedimiento,1,declarado,4,criterios,,,1,relevantes,1,autonómico,1,equipos,2,establecimiento,1,órgano,1,dinámico,1,7
4,comunidades,1,nombra,4,privada,,,1,transmitirán,1,harán,1,Alcoholes,2,suficientes,1,pudiera,1,coordinación,1,relativo
4,autónomas,1,delegada,4,aplicación,,,1,generales,1,relación,1,sanitarios,2,atender,1,establecer,1,agilidad,1,limitación
4,naturaleza,1,área,4,d,,,1,particulares,1,local,1,Clorhexidina,2,distintas,1,específicamente,1,respuesta,1,libertad
4,cabo,1,responsabilidad,4,proteger,,,1,acuerden,1,Igualmente,1,Cuarto,2,2018,1,ámbito,1,adecuación,1,circulación
4,17,1,habilita,4,disposiciones,,,1,Tercero,1,comprobar,1,dará,2,acceso,1,Asimismo,1,cambia,1,vigencia
4,Armadas,1,dictar,4,casos,,,1,mantenimiento,1,compatibilidad,1,cumplimiento,2,2019,1,posibilitar,1,diariamente,1,únicamente
4,conformidad,1,esfera,4,Administración,,,1,publicada,1,dichas,1,obligaciones,2,plaza,1,descansos,1,habilitación,1,circular
4,adoptar,1,específica,4,funcionarios,,,1,remitirán,1,Administraciones,1,remisión,2,existir,1,adecuados,1,contenida,1,vías
4,perjuicio,1,prestación,4,Instrucción,,,1,informe,1,hubieran,1,previstas,2,Comité,1,cumplimiento,1,dispongo,1,público
4,artículos,1,servicios,4,alimentos,,,1,Igualmente,1,expresados,1,cumplimentación,2,teórica,1,normativa,1,fijar,1,tasadas
4,7,1,ordinarios,4,afectados,,,1,recabarán,1,facilitar,1,anexo,2,teórico,1,tiempos,1,estime,1,sentido
4,vías,1,extraordinarios,4,asegurar,,,1,correspondiente,1,seguimiento,1,disponible,2,459/2010,1,conducción,1,convenientes,1,billete
4,entidades,1,orden,4,abastecimiento,,,1,Corporaciones,1,detalla,1,sede,2,16,1,descanso,1,necesidades,1,adquiera
4,razones,1,protección,4,distribución,,,1,Locales,1,virtud,1,electrónica,2,abril,1,imprescindibles,1,movilidad,1,realización
4,tráfico,1,personas,4,suministro,,,1,territorial,1,resuelvo,1,Dicha,2,regulan,1,cabo,1,existentes,1,cualquiera
4,administraciones,1,bienes,4,desplazamientos,,,1,Dichas,1,adopción,1,deberá,2,extranjeros,1,cocina,1,territorios,1,dichas
4,puedan,1,lugares,4,apertura,,,1,consideran,1,realizará,1,remitida,2,jubilados,1,restauración,1,garantizando,1,DESACONSEJA
4,personales,1,contribución,4,Anexo,,,1,ratificadas,1,autonómicas,1,naturales,2,pensión,1,expendedores,1,ciudadanos,1,VIAJAR
4,previstos,1,establecimientos,4,anteriores,,,1,vigentes,1,autonómica,1,contar,2,especialidades,1,comida,1,acceder,1,CITADAS
4,críticos,1,virtud,4,requerimiento,,,1,resulten,1,correspondientes,1,BOE,2,Familiar,1,preparada,1,puestos,1,RAZONES
4,suspende,1,conforme,4,efectivos,,,1,incompatibles,1,Tercero,1,Quinto,2,Comunitaria,1,transportista,1,básicos,1,INAPLAZABLES
4,mantendrán,1,atribuciones,3,sitio,,,1,dispuesto,1,hayan,1,presentación,2,curso,1,profesional,1,procederá,1,caso
4,restauración,1,confiere,3,posibilidad,,,1,determinará,1,contemplados,1,requerida,2,unidades,1,servicio,1,perjuicio,1,desplazamiento
4,apertura,1,4.3,3,recomendaciones,,,1,contenido,1,Cuarto,1,falsedad,2,presten,1,catering,1,facultades,1,respetarse
4,evitar,1,dispongo,3,confiere,,,1,periodicidad,1,comunicación,1,consideración,2,especial,1,Disposición,1,señaladas,1,recomendaciones
4,civiles,1,Ámbito,3,consideren,,,1,remitirse,1,refiere,1,infracción,2,excepcional,1,única,1,virtud,1,obligaciones
4,funcionamiento,1,aplicará,3,citado,,,1,independencia,1,deberá,1,materia,2,facultativo,1,Vigencia,1,fijen,1,dictadas
4,resulten,1,estatutario,3,real,,,1,periódicos,1,incluir,1,sancionada,2,especialidad,1,Orden,1,públicos,1,autoridades
4,privada,1,civil,3,decreto,,,1,emitirán,1,siguientes,1,establecido,2,Profesionales,1,aplicación,1,regular,1,sanitarias
4,sector,1,presta,3,tendentes,,,1,específicos,1,Limitaciones,1,título,2,realizaron,1,publicación,1,comunicarlo,1,respetar
4,carretera,1,Objeto,3,eficacia,,,1,consideren,1,libertad,1,VI,2,especializada,1,Boletín,1,correspondiente,1,garantizar
4,marítimo,1,objeto,3,determinados,,,1,necesarios,1,circulación,1,33/2011,2,6,1,Oficial,1,comunidad,1,legibilidad
4,contrato,1,Determinar,3,normal,,,1,petición,1,personas,1,4,2,octubre,1,finalización,1,autónoma,1,dispositivos
4,u,1,desarrollo,3,competencias,,,1,centrales,1,b,1,octubre,2,relación,1,periodo,1,comunidades,1,electrónicos
4,OSP,1,declara,3,titular,,,1,Cuarto,1,Establecimientos,1,Pública,2,prorrogables,1,existan,1,autónomas,1,permita
4,oferta,1,Garantizar,3,efecto,,,1,Gestión,1,equipamientos,1,Sexto,2,períodos,1,circunstancias,1,comunicar,1,determinará
4,porcentajes,1,operativo,3,integrantes,,,1,conformidad,1,actividades,1,producirá,2,hayan,1,justifiquen,1,Ministerio,1,formatos
4,mencionados,1,previstas,3,imponerles,,,1,Servicios,1,cuya,1,efectos,2,5,1,modificando,1,información,1,tamaños
4,procedimientos,1,determinen,3,duración,,,1,ejerciendo,1,apertura,1,Boletín,2,caso,1,términos,1,hayan,1,letra
4,actuaciones,1,materia,3,directrices,,,1,competencias,1,hubiera,1,Oficial,2,as,1,presente,1,recibido,1,adecuados
4,recintos,1,Policía,3,Régimen,,,1,otorga,1,suspendido,1,Séptimo,2,setenta,1,Madrid,1,suyos,1,Asimismo
4,Salones,1,Transporte,3,artículos,,,1,vigente,1,condicionado,1,pone,2,activo,1,15,1,objeto,1,obtenerse
4,Parques,1,logístico,3,empresas,,,1,legislación,1,c,1,vía,2,amparo,1,2020.–El,1,coordinarse,1,consentimiento
3,Salud,1,terrestre,3,deban,,,1,servicio,1,Aseguramiento,1,interponer,2,13,1,José,1,Disposición,1,usuario
3,marzo,1,Aerotransporte,3,elaborados,,,1,estimen,1,abastecimiento,1,recurso,2,solicitar,1,Luis,1,única,1,continuar
3,2020,1,aerotransporte,3,previstos,,,1,marco,1,productos,1,contencioso,2,realizará,1,Ábalos,1,Vigencia,1,establecimiento
3,COVID-19,1,medicalizado,3,prevención,,,1,directrices,1,necesarios,1,administrativo,2,nombramiento,1,Meco,1,publicación,1,botón
3,frente,1,Control,3,disposición,,,1,emitan,1,protección,1,meses,2,relacionadas,,,1,Boletín,1,Entiendo
3,excepción,1,tráfico,3,profesionales,,,1,Ministerio,1,salud,1,Sala,2,dispensa,,,1,Oficial,1,advertencia
3,sanitarias,1,aéreo,3,ciudadanos,,,1,remitiendo,1,pública,1,Administrativo,2,sindicales,,,1,finalización,1,Disposición
3,reforzar,1,navegación,3,términos,,,1,Quinto,1,Quinto,1,Audiencia,2,puesto,,,1,periodo,1,única
3,social,1,marítima,3,Guardia,,,1,avisos,1,establecidos,1,conformidad,2,estudiantes,,,1,existan,1,Vigencia
3,14,1,puertos,3,Civil,,,1,población,1,Sexto,1,dispuesto,2,medicina,,,1,circunstancias,1,resolución
3,apartados,1,aeropuertos,3,órganos,,,1,homogénea,1,producirá,1,artículo,2,enfermería,,,1,justifiquen,1,vigente
3,duración,1,Alojamientos,3,respectivos,,,1,adaptada,1,Boletín,1,29/1998,2,profesional,,,1,modificando,1,publicación
3,párrafos,1,logísticos,3,obligaciones,,,1,naturaleza,1,Oficial,1,13,2,evolución,,,1,términos,1,Boletín
3,quedan,1,establecimiento,3,vigencia,,,1,facilitar,1,pone,1,julio,2,disposición,,,1,presente,1,Oficial
3,resoluciones,1,campamentos,3,relacionadas,,,1,ciudadanos,1,vía,1,reguladora,2,espacios,,,1,Madrid,1,finalización
3,actuación,1,Obligaciones,3,establecido,,,1,derecho,1,administrativa,1,Jurisdicción,2,públicos,,,1,15,1,periodo
3,cualquiera,1,22.1,3,apartado,,,1,establecido,1,interponer,1,Administrativa,2,Régimen,,,1,2020.–El,1,existan
3,actos,1,9/2011,3,Nacional,,,1,gestionar,1,recurso,1,Madrid,2,categoría,,,1,José,1,circunstancias
3,refiere,1,27,3,destino,,,1,obligación,1,contencioso,1,15,2,descanso,,,1,Luis,1,justifiquen
3,solicitud,1,julio,3,vigilancia,,,1,impone,1,administrativo,1,2020.–El,2,plazo,,,1,Ábalos,1,modificando
3,motivada,1,derechos,3,restrictivas,,,1,medios,1,meses,1,Salvador,2,publicación,,,1,Meco,1,términos
3,deberán,1,deberes,3,vías,,,1,7,1,Sala,1,Illa,2,Ceuta,,,,,1,Madrid
3,queda,1,estarán,3,realización,,,1,bis,1,Administrativo,1,Roca,2,Melilla,,,,,1,15
3,Cuerpos,1,permanente,3,deberán,,,1,8,1,Audiencia,1,ANEXO,2,Contencioso,,,,,1,2020.–EL
3,quedarán,1,derivado,3,tráfico,,,1,19,1,conformidad,1,Modelo,1,publicado,,,,,1,José
3,directas,1,adaptará,3,establecidos,,,1,inserción,1,dispuesto,1,Nombre,1,fecha,,,,,1,Luis
3,pudiendo,1,Política,3,específicas,,,1,anuncios,1,artículo,1,CIF,1,2020,,,,,1,Ábalos
3,agentes,1,pondrán,3,establecerán,,,1,comunicaciones,1,11,1,Contacto,1,proteger,,,,,1,Meco
3,establecerán,1,ejecutar,3,particular,,,1,comunicarán,1,Ley,,,1,seguridad,,,,,,
3,anteriores,1,competen,3,infracción,,,1,previamente,1,29/1998,,,1,ciudadanos,,,,,,
3,julio,1,relación,3,4/2015,,,1,establecerán,1,julio,,,1,contener,,,,,,
3,Sistema,1,asignadas,3,atención,,,1,coordinación,1,reguladora,,,1,enfermedad,,,,,,
3,Civil,1,proponer,3,actos,,,1,Autoridades,1,Jurisdicción,,,1,sistema,,,,,,
3,aplicación,1,pase,3,instalaciones,,,1,Sanitarias,1,Administrativa,,,1,pública,,,,,,
3,6,1,ocupar,3,alimentario,,,1,conveniente,1,Madrid,,,1,12,,,,,,
3,incluidas,1,d,3,intervención,,,1,difundir,1,15,,,1,estableciendo,,,,,,
3,noviembre,1,destinar,3,puntos,,,1,función,1,2020.–El,,,1,civiles,,,,,,
3,Administración,1,independencia,3,infraestructuras,,,1,oficio,1,Salvador,,,1,funcionarios,,,,,,
3,competencias,1,causa,3,información,,,1,propuesta,1,Illa,,,1,quedarán,,,,,,
3,gestión,1,hayan,3,desobediencia,,,1,Sexto,1,Roca,,,1,órdenes,,,,,,
3,realización,1,administrativa,3,Operativa,,,1,Activación,1,ANEXO,,,1,directas,,,,,,
3,previamente,1,incorporarse,3,contagios,,,1,voluntariado,1,ciudades,,,1,necesario,,,,,,
3,prestaciones,1,requerido,3,Actuaciones,,,1,Comunidad,1,Ceuta,,,1,imponerles,,,,,,
3,obligatorias,1,f,3,movilizados,,,1,Ciudad,1,Melilla,,,1,Añade,,,,,,
3,contención,1,reducirá,2,publicación,,,1,activación,1,Datos,,,1,obstante,,,,,,
3,cualesquiera,1,permisos,2,condiciones,,,1,voluntarios,1,20,,,1,autonómicas,,,,,,
3,públicos,1,mínimo,2,contempla,,,1,informando,1,21,,,1,mantendrán,,,,,,
3,recreativos,1,imprescindible,2,crisis,,,1,número,1,Presión,,,1,competencia,,,,,,
3,hostelería,1,debiendo,2,tales,,,1,efectivos,1,urgencias,,,1,asegurando,,,,,,
3,comerciales,1,autorizada,2,situaciones,,,1,movilizados,1,considerando,,,1,adecuado,,,,,,
3,establecimiento,1,Inspector,2,evolución,,,1,Séptimo,1,ingresos,,,1,funcionamiento,,,,,,
3,posibilidad,1,Cuarta,2,actual,,,1,Publicación,1,número,,,1,garantizarán,,,,,,
3,ocio,1,autoprotección,2,adopción,,,1,presente,1,semanalmente,,,1,distribución,,,,,,
3,fiestas,1,respetarán,2,continuación,,,1,surtirá,1,equipos,,,1,técnicos,,,,,,
3,13,1,recomendaciones,2,estrictamente,,,1,efectos,1,ventilación,,,1,personales,,,,,,
3,suministro,1,civiles,2,concurran,,,1,publicación,1,mecánica,,,1,pongan,,,,,,
3,aplicará,1,prevención,2,emergencia,,,1,Boletín,1,invasiva,,,1,manifiesto,,,,,,
3,aéreo,1,transmisión,2,sociedad,,,1,Oficial,,,,,1,referido,,,,,,
3,específicas,1,efecto,2,mantenimiento,,,1,Madrid,,,,,1,militar,,,,,,
3,venta,1,incluido,2,contexto,,,1,15,,,,,1,titularidad,,,,,,
3,establecidos,1,utilizará,2,acordadas,,,1,2020.–El,,,,,1,privada,,,,,,
3,adoptarán,1,equipos,2,carácter,,,1,Fernando,,,,,1,contribuyan,,,,,,
3,octubre,1,adecuados,2,ciudadanía,,,1,Grande,,,,,1,marco,,,,,,
3,acreditado,1,atendiendo,2,especial,,,1,Marlaska,,,,,1,establecen,,,,,,
3,Suspensión,1,disponga,2,incidencia,,,1,Gómez,,,,,1,medias,,,,,,
3,prórrogas,1,adoptarán,2,medida,,,,,,,,,1,habrán,,,,,,
3,interrupción,1,proteger,2,9.1,,,,,,,,,1,desarrollar,,,,,,
3,práctica,1,esté,2,quedarán,,,,,,,,,1,tratarán,,,,,,
3,exhibiciones,1,directamente,2,inmediata,,,,,,,,,1,existencia,,,,,,
3,Campos,1,implicado,2,corresponden,,,,,,,,,1,afectadas,,,,,,
3,Pistas,1,ejecución,2,Secretario,,,,,,,,,1,virus,,,,,,
3,Recorridos,1,garanticen,2,mando,,,,,,,,,1,tales,,,,,,
3,apuestas,1,defensa,2,virtud,,,,,,,,,1,Convocatoria,,,,,,
2,11,1,Quinta,2,consideración,,,,,,,,,1,Formación,,,,,,
2,emergencia,1,Ejecución,2,Departamento,,,,,,,,,1,Sanitaria,,,,,,
2,internacional,1,superior,2,autonómicas,,,,,,,,,1,Especializada,,,,,,
2,hechos,1,ejercerá,2,octubre,,,,,,,,,1,referida,,,,,,
2,afectados,1,mando,2,julio,,,,,,,,,1,prueba,,,,,,
2,extraordinario,1,único,2,cuerpos,,,,,,,,,1,obtuvieron,,,,,,
2,riesgo,1,ejecuten,2,operativa,,,,,,,,,1,número,,,,,,
2,cuarto,1,integrará,2,mecanismos,,,,,,,,,1,incorporar,,,,,,
2,sitio,1,operativos,2,evaluación,,,,,,,,,1,inmediata,,,,,,
2,Constitución,1,Sexta,2,Policías,,,,,,,,,1,pendientes,,,,,,
2,produzcan,1,establecerá,2,implantación,,,,,,,,,1,decisión,,,,,,
2,graves,1,Centro,2,contingencia,,,,,,,,,1,Evaluación,,,,,,
2,marco,1,integrarán,2,auxilio,,,,,,,,,1,superación,,,,,,
2,contener,1,mandos,2,prestarse,,,,,,,,,1,regulado,,,,,,
2,niveles,1,perjuicio,2,asistencia,,,,,,,,,1,incorporarse,,,,,,
2,declaración,1,medios,2,urgente,,,,,,,,,1,compatibilizando,,,,,,
2,imprescindibles,1,establezcan,2,Conforme,,,,,,,,,1,disfrute,,,,,,
2,proporcionadas,1,Séptima,2,5,,,,,,,,,1,priorizando,,,,,,
2,Vicepresidenta,1,Vigencia,2,Generales,,,,,,,,,1,ubicación,,,,,,
2,Presidencia,1,surtirá,2,dependan,,,,,,,,,1,primaria,,,,,,
2,declara,1,plenos,2,directivos,,,,,,,,,1,Igualmente,,,,,,
2,coronavirus,1,publicación,2,competencia,,,,,,,,,1,nombrados,,,,,,
2,referencia,1,Boletín,2,organizativas,,,,,,,,,1,eméritos,,,,,,
2,respectivas,1,Oficial,2,6,,,,,,,,,1,virtud,,,,,,
2,áreas,1,mantendrá,2,7,,,,,,,,,1,resuelvo,,,,,,
2,responsabilidad,1,eficacia,2,practicar,,,,,,,,,1,Objeto,,,,,,
2,indicados,1,vigencia,2,comprobaciones,,,,,,,,,1,objeto,,,,,,
2,instrucciones,1,Madrid,2,comprobar,,,,,,,,,1,especiales,,,,,,
2,esfera,1,15,2,cabo,,,,,,,,,1,desarrollo,,,,,,
2,específica,1,2020.–La,2,suspendidas,,,,,,,,,1,relativas,,,,,,
2,ordinarios,1,Margarita,2,dictar,,,,,,,,,1,establece,,,,,,
2,once,1,Robles,2,20,,,,,,,,,1,prórroga,,,,,,
2,párrafo,1,Fernández,2,dependencia,,,,,,,,,1,Geriatría,,,,,,
2,adoptarse,,,2,civiles,,,,,,,,,1,Intensiva,,,,,,
2,aplicable,,,2,incluidos,,,,,,,,,1,Interna,,,,,,
2,vulnerables,,,2,instrucciones,,,,,,,,,1,Preventiva,,,,,,
2,precisa,,,2,impartidas,,,,,,,,,1,Pública,,,,,,
2,administrativo,,,2,adoptarán,,,,,,,,,1,Neumología,,,,,,
2,28,,,2,informarán,,,,,,,,,1,Pediatría,,,,,,
2,órgano,,,2,letra,,,,,,,,,1,Áreas,,,,,,
2,imponerles,,,2,instrucción,,,,,,,,,1,Específicas,,,,,,
2,intervención,,,2,sexta,,,,,,,,,1,Radiodiagnóstico,,,,,,
2,asistencia,,,2,producir,,,,,,,,,1,Microbiología,,,,,,
2,9,,,2,cuarentena,,,,,,,,,1,Parasitología,,,,,,
2,incluidos,,,2,aislamiento,,,,,,,,,1,Geriátrica,,,,,,
2,abril,,,2,comunicaciones,,,,,,,,,1,Pediátrica,,,,,,
2,cumplimiento,,,2,ocasión,,,,,,,,,1,Quedan,,,,,,
2,15.3,,,2,libertad,,,,,,,,,1,suspendidas,,,,,,
2,5/2005,,,2,circular,,,,,,,,,1,rotaciones,,,,,,
2,ordinaria,,,2,farmacéuticos,,,,,,,,,1,programadas,,,,,,
2,otorga,,,2,Asistencia,,,,,,,,,1,precise,,,,,,
2,establecido,,,2,Desplazamiento,,,,,,,,,1,refuerzo,,,,,,
2,libertad,,,2,efectuar,,,,,,,,,1,derivado,,,,,,
2,farmacéuticos,,,2,especialmente,,,,,,,,,1,gestionará,,,,,,
2,Asistencia,,,2,f,,,,,,,,,1,solicitudes,,,,,,
2,Desplazamiento,,,2,entidades,,,,,,,,,1,Administración,,,,,,
2,discapacidad,,,2,Igualmente,,,,,,,,,1,contando,,,,,,
2,f,,,2,acordar,,,,,,,,,1,precisen,,,,,,
2,g,,,2,razones,,,,,,,,,1,contactará,,,,,,
2,causa,,,2,estatales,,,,,,,,,1,particular,,,,,,
2,recomendaciones,,,2,movilidad,,,,,,,,,1,solicitado,,,,,,
2,obligaciones,,,2,viajeros,,,,,,,,,1,traslado,,,,,,
2,informará,,,2,espacios,,,,,,,,,1,mayores,,,,,,
2,vial,,,2,observancia,,,,,,,,,1,estén,,,,,,
2,garantizarán,,,2,personales,,,,,,,,,1,mencionadas,,,,,,
2,población,,,2,30,,,,,,,,,1,apartado,,,,,,
2,requisas,,,2,ciudadana,,,,,,,,,1,necesidad,,,,,,
2,tipo,,,2,puestos,,,,,,,,,1,Tercero,,,,,,
2,fines,,,2,permitir,,,,,,,,,1,autoriza,,,,,,
2,particular,,,2,producción,,,,,,,,,1,transitorio,,,,,,
2,autonómica,,,2,fábricas,,,,,,,,,1,Grado,,,,,,
2,local,,,2,requisas,,,,,,,,,1,Licenciatura,,,,,,
2,formación,,,2,temporales,,,,,,,,,1,carecen,,,,,,
2,enseñanza,,,2,prestará,,,,,,,,,1,siguientes,,,,,,
2,educativas,,,2,requiera,,,,,,,,,1,supuestos,,,,,,
2,modalidades,,,2,reforzarán,,,,,,,,,1,2018/2019,,,,,,
2,resulte,,,2,policial,,,,,,,,,1,Médicos,,,,,,
2,10,,,2,sanitario,,,,,,,,,1,habiendo,,,,,,
2,equipamientos,,,2,permanente,,,,,,,,,1,puntuación,,,,,,
2,adicionales,,,2,Apoyo,,,,,,,,,1,mínima,,,,,,
2,minoristas,,,2,culto,,,,,,,,,1,resultaron,,,,,,
2,alimentación,,,2,minoristas,,,,,,,,,1,adjudicatarios,,,,,,
2,cuya,,,2,alimentación,,,,,,,,,1,modalidad,,,,,,
2,deberá,,,2,recogidos,,,,,,,,,1,contractual,,,,,,
2,estrictamente,,,2,establecimiento,,,,,,,,,1,prevista,,,,,,
2,consumidores,,,2,cuya,,,,,,,,,1,1146/2006,,,,,,
2,suspendida,,,2,deberá,,,,,,,,,1,laboral,,,,,,
2,consumo,,,2,consumo,,,,,,,,,1,residencia,,,,,,
2,aglomeraciones,,,2,desarrollen,,,,,,,,,1,especialistas,,,,,,
2,empleados,,,2,quedan,,,,,,,,,1,b,,,,,,
2,metro,,,2,incluidas,,,,,,,,,1,obtenido,,,,,,
2,desarrollen,,,2,evitar,,,,,,,,,1,incluidos,,,,,,
2,desfiles,,,2,función,,,,,,,,,1,dispongan,,,,,,
2,populares,,,2,origen,,,,,,,,,1,evaluados,,,,,,
2,culto,,,2,logísticos,,,,,,,,,1,positivamente,,,,,,
2,ceremonias,,,2,mercados,,,,,,,,,1,evaluación,,,,,,
2,religiosas,,,2,entrada,,,,,,,,,1,reguladas,,,,,,
2,características,,,2,salida,,,,,,,,,1,citado,,,,,,
2,distribución,,,2,produzcan,,,,,,,,,1,permitirá,,,,,,
2,personal,,,2,8/2011,,,,,,,,,1,desempeño,,,,,,
2,producción,,,2,establecen,,,,,,,,,1,actividad,,,,,,
2,fábricas,,,2,críticas,,,,,,,,,1,prolongarse,,,,,,
2,transportes,,,2,trate,,,,,,,,,1,máximo,,,,,,
2,reducirán,,,2,apoyar,,,,,,,,,1,valorar,,,,,,
2,operaciones,,,2,Protección,,,,,,,,,1,disponibilidad,,,,,,
2,modificar,,,2,CNPIC,,,,,,,,,1,facilitará,,,,,,
2,porcentaje,,,2,datos,,,,,,,,,1,datos,,,,,,
2,media,,,2,arreglo,,,,,,,,,1,contacto,,,,,,
2,reducción,,,2,acreditado,,,,,,,,,1,constan,,,,,,
2,referidos,,,2,operativos,,,,,,,,,1,registros,,,,,,
2,acceder,,,2,territorial,,,,,,,,,1,teniendo,,,,,,
2,puestos,,,2,incidencias,,,,,,,,,1,Orgánica,,,,,,
2,básicos,,,2,informará,,,,,,,,,1,3/2018,,,,,,
2,específicos,,,2,sancionador,,,,,,,,,1,diciembre,,,,,,
2,obligados,,,2,incumplimiento,,,,,,,,,1,Protección,,,,,,
2,establezca,,,2,leyes,,,,,,,,,1,Datos,,,,,,
2,Ministerio,,,2,inmediato,,,,,,,,,1,Personales,,,,,,
2,billetes,,,2,delitos,,,,,,,,,1,garantía,,,,,,
2,proceso,,,2,infracciones,,,,,,,,,1,derechos,,,,,,
2,inaplazables,,,2,36.6,,,,,,,,,1,digitales,,,,,,
2,colectivos,,,2,representantes,,,,,,,,,1,procedimiento,,,,,,
2,alimentario,,,2,responsables,,,,,,,,,1,abierto,,,,,,
2,origen,,,2,Información,,,,,,,,,1,Universidades,,,,,,
2,destino,,,2,CEPIC,,,,,,,,,1,habilitarán,,,,,,
2,entrada,,,2,novedades,,,,,,,,,1,necesarios,,,,,,
2,empresas,,,2,Delegados,,,,,,,,,1,finalizar,,,,,,
2,16,,,2,Subdelegados,,,,,,,,,1,procedimientos,,,,,,
2,aduanero,,,2,Juntas,,,,,,,,,1,Cuarto,,,,,,
2,puntos,,,2,sanción,,,,,,,,,1,enfermeros,,,,,,
2,energía,,,2,celebración,,,,,,,,,1,menores,,,,,,
2,eléctrica,,,2,fecha,,,,,,,,,1,años,,,,,,
2,derivados,,,1,desarrollo,,,,,,,,,1,reincorporados,,,,,,
2,petróleo,,,1,previsiones,,,,,,,,,1,emérito,,,,,,
2,gas,,,1,recogidas,,,,,,,,,1,nombrado,,,,,,
2,natural,,,1,116,,,,,,,,,1,voluntaria,,,,,,
2,igualmente,,,1,Constitución,,,,,,,,,1,Valorada,,,,,,
2,19,,,1,periodo,,,,,,,,,1,oportunidad,,,,,,
2,comunicación,,,1,quince,,,,,,,,,1,estatutario,,,,,,
2,arreglo,,,1,naturales,,,,,,,,,1,corresponda,,,,,,
2,leyes,,,1,garantías,,,,,,,,,1,completa,,,,,,
2,extranjero,,,1,epidemias,,,,,,,,,1,parcial,,,,,,
2,miembro,,,1,contaminación,,,,,,,,,1,compatible,,,,,,
2,misiones,,,1,graves,,,,,,,,,1,priorizará,,,,,,
2,diplomáticas,,,1,problemática,,,,,,,,,1,Atención,,,,,,
2,desplazamientos,,,1,derivada,,,,,,,,,1,Primaria,,,,,,
2,procesales,,,1,producida,,,,,,,,,1,disminuir,,,,,,
2,interrumpen,,,1,gradual,,,,,,,,,1,carga,,,,,,
2,jurisdiccionales,,,1,excepcionales,,,,,,,,,1,realizando,,,,,,
2,cómputo,,,1,facultades,,,,,,,,,1,triaje,,,,,,
2,reanudará,,,1,poderes,,,,,,,,,1,domiciliaria,,,,,,
2,pierda,,,1,"4/1981,de",,,,,,,,,1,Quinto,,,,,,
2,instrucción,,,1,Ejecutivo,,,,,,,,,1,Reincorporación,,,,,,
2,juez,,,1,promover,,,,,,,,,1,absoluta,,,,,,
2,tribunal,,,1,imprescindible,,,,,,,,,1,reincorporarse,,,,,,
2,fundamentales,,,1,restablecimiento,,,,,,,,,1,desempeñar,,,,,,
2,29/1998,,,1,normalidad,,,,,,,,,1,supondrá,,,,,,
2,reguladora,,,1,extraordinarias,,,,,,,,,1,cese,,,,,,
2,judiciales,,,1,amplia,,,,,,,,,1,sustituto,,,,,,
2,judicial,,,1,serie,,,,,,,,,1,pudiera,,,,,,
2,prevista,,,1,proporcionadas,,,,,,,,,1,Sexto,,,,,,
2,obstante,,,1,reforzar,,,,,,,,,1,Contratación,,,,,,
2,perjuicios,,,1,profilaxis,,,,,,,,,1,grados,,,,,,
2,intereses,,,1,paliar,,,,,,,,,1,suscribir,,,,,,
2,Administraciones,,,1,colateralmente,,,,,,,,,1,contratos,,,,,,
2,Públicas,,,1,seguirse,,,,,,,,,1,laborales,,,,,,
2,interesado,,,1,garantía,,,,,,,,,1,determinada,,,,,,
2,manifieste,,,1,convivencia,,,,,,,,,1,auxilio,,,,,,
2,plazo,,,1,marcado,,,,,,,,,1,destinado,,,,,,
2,prescripción,,,1,transversal,,,,,,,,,1,grado,,,,,,
2,caducidad,,,1,implicando,,,,,,,,,1,15.1.a,,,,,,
2,miembros,,,1,administraciones,,,,,,,,,1,texto,,,,,,
2,adoptadas,,,1,públicas,,,,,,,,,1,refundido,,,,,,
2,ratificación,,,1,necesitando,,,,,,,,,1,Estatuto,,,,,,
2,vigor,,,1,máxima,,,,,,,,,1,Trabajadores,,,,,,
2,diversión,,,1,intrínseca,,,,,,,,,1,aprobado,,,,,,
2,espectáculo,,,1,cuyo,,,,,,,,,1,Legislativo,,,,,,
2,Culturales,,,1,declarado,,,,,,,,,1,2/2015,,,,,,
2,tiro,,,1,considerado,,,,,,,,,1,23,,,,,,
2,abiertos,,,1,conveniente,,,,,,,,,1,deberá,,,,,,
2,Pruebas,,,1,comunes,,,,,,,,,1,indicar,,,,,,
2,recreativas,,,1,ejerce,,,,,,,,,1,desarrolla,,,,,,
2,baile,,,1,policías,,,,,,,,,1,calidad,,,,,,
2,recreativa,,,1,40/2015,,,,,,,,,1,apoyo,,,,,,
2,Juegos,,,1,Jurídico,,,,,,,,,1,supervisión,,,,,,
2,juego,,,1,Sector,,,,,,,,,1,Séptimo,,,,,,
2,copas,,,1,Público,,,,,,,,,1,Apertura,,,,,,
2,musicales,,,1,952/2018,,,,,,,,,1,público,,,,,,
2,directo,,,1,27,,,,,,,,,1,interpretación,,,,,,
2,bares,,,1,desarrolla,,,,,,,,,1,10,,,,,,
1,Organización,,,1,estructura,,,,,,,,,1,entienden,,,,,,
1,Mundial,,,1,orgánica,,,,,,,,,1,requiere,,,,,,
1,elevó,,,1,básica,,,,,,,,,1,necesaria,,,,,,
1,ocasionada,,,1,"4.1,b",,,,,,,,,1,resolver,,,,,,
1,pandemia,,,1,4.3,,,,,,,,,1,problemas,,,,,,
1,rapidez,,,1,acordado,,,,,,,,,1,desfavorable,,,,,,
1,evolución,,,1,Destinatarios,,,,,,,,,1,demora,,,,,,
1,escala,,,1,destinatarios,,,,,,,,,1,tratamiento,,,,,,
1,requiere,,,1,Impartir,,,,,,,,,1,Octavo,,,,,,
1,inmediatas,,,1,adecuar,,,,,,,,,1,Puesta,,,,,,
1,eficaces,,,1,competencial,,,,,,,,,1,Administraciones,,,,,,
1,coyuntura,,,1,contenidas,,,,,,,,,1,Públicas,,,,,,
1,circunstancias,,,1,asumir,,,,,,,,,1,afectación,,,,,,
1,extraordinarias,,,1,articulando,,,,,,,,,1,epidemia,,,,,,
1,concurren,,,1,Garantizar,,,,,,,,,1,adecuadamente,,,,,,
1,constituyen,,,1,acción,,,,,,,,,1,población,,,,,,
1,duda,,,1,concertada,,,,,,,,,1,materiales,,,,,,
1,precedentes,,,1,Autonómicos,,,,,,,,,1,adscritos,,,,,,
1,enorme,,,1,Adecuar,,,,,,,,,1,Mutuas,,,,,,
1,magnitud,,,1,motivo,,,,,,,,,1,accidentes,,,,,,
1,elevado,,,1,expansión,,,,,,,,,1,Noveno,,,,,,
1,número,,,1,contemplando,,,,,,,,,1,Habilitación,,,,,,
1,habilita,,,1,concretarse,,,,,,,,,1,habilitar,,,,,,
1,atribuye,,,1,controles,,,,,,,,,1,reúnan,,,,,,
1,116.2,,,1,manteniendo,,,,,,,,,1,régimen,,,,,,
1,declarar,,,1,niveles,,,,,,,,,1,consulta,,,,,,
1,supongan,,,1,investigación,,,,,,,,,1,hospitalización,,,,,,
1,alteraciones,,,1,capacidades,,,,,,,,,1,Décimo,,,,,,
1,normalidad,,,1,sirvan,,,,,,,,,1,adoptar,,,,,,
1,norma,,,1,auxiliar,,,,,,,,,1,imponer,,,,,,
1,encuadran,,,1,instituciones,,,,,,,,,1,empleados,,,,,,
1,acción,,,1,precisen,,,,,,,,,1,cualquiera,,,,,,
1,decidida,,,1,aplicarán,,,,,,,,,1,encomienda,,,,,,
1,proteger,,,1,principios,,,,,,,,,1,movilidad,,,,,,
1,progresión,,,1,proporcionalidad,,,,,,,,,1,geográfica,,,,,,
1,enfermedad,,,1,dirigidos,,,,,,,,,1,acordarse,,,,,,
1,sistema,,,1,contener,,,,,,,,,1,suspensión,,,,,,
1,adoptado,,,1,progresión,,,,,,,,,1,temporal,,,,,,
1,gobierno,,,1,enfermedad,,,,,,,,,1,exenciones,,,,,,
1,intensificarse,,,1,designa,,,,,,,,,1,guardias,,,,,,
1,demora,,,1,respectiva,,,,,,,,,1,razones,,,,,,
1,prevenir,,,1,área,,,,,,,,,1,edad,,,,,,
1,virus,,,1,responsabilidad,,,,,,,,,1,autorizaciones,,,,,,
1,mitigar,,,1,Directores,,,,,,,,,1,compatibilidad,,,,,,
1,impacto,,,1,estarán,,,,,,,,,1,actividades,,,,,,
1,sanitario,,,1,sujetos,,,,,,,,,1,Asimismo,,,,,,
1,económico,,,1,emanen,,,,,,,,,1,adoptase,,,,,,
1,grave,,,1,tomarán,,,,,,,,,1,permisos,,,,,,
1,excepcional,,,1,oportunas,,,,,,,,,1,licencias,,,,,,
1,indispensable,,,1,operativas,,,,,,,,,1,vacaciones,,,,,,
1,proceder,,,1,cobertura,,,,,,,,,1,reducciones,,,,,,
1,contienen,,,1,deriven,,,,,,,,,1,Deberá,,,,,,
1,resultan,,,1,reciban,,,,,,,,,1,garantizarse,,,,,,
1,extrema,,,1,orientarán,,,,,,,,,1,suma,,,,,,
1,gravedad,,,1,prioritariamente,,,,,,,,,1,descansos,,,,,,
1,suponen,,,1,refiere,,,,,,,,,1,deban,,,,,,
1,derecho,,,1,limitando,,,,,,,,,1,conjunto,,,,,,
1,fundamental,,,1,imprescindibles,,,,,,,,,1,semana,,,,,,
1,prevé,,,1,impedir,,,,,,,,,1,inferior,,,,,,
1,55,,,1,lleven,,,,,,,,,1,promedio,,,,,,
1,virtud,,,1,expresamente,,,,,,,,,1,jornadas,,,,,,
1,propuesta,,,1,exceptuadas,,,,,,,,,1,diez,,,,,,
1,Relaciones,,,1,prohibiciones,,,,,,,,,1,deberán,,,,,,
1,Cortes,,,1,suspender,,,,,,,,,1,adoptarse,,,,,,
1,Memoria,,,1,estén,,,,,,,,,1,contribuir,,,,,,
1,Democrática,,,1,llevando,,,,,,,,,1,correcta,,,,,,
1,previa,,,1,Obligaciones,,,,,,,,,1,dispositivos,,,,,,
1,deliberación,,,1,9.i,,,,,,,,,1,prevención,,,,,,
1,Consejo,,,1,9/2015,,,,,,,,,1,control,,,,,,
1,reunión,,,1,28,,,,,,,,,1,seguimiento,,,,,,
1,DISPONGO,,,1,Personal,,,,,,,,,1,gradual,,,,,,
1,Declaración,,,1,obligación,,,,,,,,,1,utilizando,,,,,,
1,amparo,,,1,presentarse,,,,,,,,,1,racional,,,,,,
1,afrontar,,,1,emplazados,,,,,,,,,1,disponibles,,,,,,
1,provocada,,,1,requerida,,,,,,,,,1,mujeres,,,,,,
1,Ámbito,,,1,11/2007,,,,,,,,,1,encuentren,,,,,,
1,territorial,,,1,22,,,,,,,,,1,gestación,,,,,,
1,afecta,,,1,reguladora,,,,,,,,,1,Undécimo,,,,,,
1,Duración,,,1,derechos,,,,,,,,,1,Temporalidad,,,,,,
1,quince,,,1,deberes,,,,,,,,,1,incluidas,,,,,,
1,naturales,,,1,Guardias,,,,,,,,,1,resultarán,,,,,,
1,Autoridad,,,1,Civiles,,,,,,,,,1,inicial,,,,,,
1,superior,,,1,presentarán,,,,,,,,,1,entrada,,,,,,
1,dirección,,,1,próxima,,,,,,,,,1,vigor,,,,,,
1,Presidente,,,1,pondrán,,,,,,,,,1,prorrogadas,,,,,,
1,recaigan,,,1,Pública,,,,,,,,,1,titular,,,,,,
1,delegada,,,1,afectado,,,,,,,,,1,periodos,,,,,,
1,designados,,,1,trabajadores,,,,,,,,,1,inferiores,,,,,,
1,habilitados,,,1,Tercero,,,,,,,,,1,función,,,,,,
1,interpretativas,,,1,Autoprotección,,,,,,,,,1,organizativas,,,,,,
1,prestar,,,1,independientemente,,,,,,,,,1,derivadas,,,,,,
1,atención,,,1,Cuerpo,,,,,,,,,1,Duodécimo,,,,,,
1,activado,,,1,pertenencia,,,,,,,,,1,Desarrollo,,,,,,
1,Comité,,,1,derecho,,,,,,,,,1,ejecución,,,,,,
1,Situación,,,1,eficaz,,,,,,,,,1,Corresponde,,,,,,
1,36/2015,,,1,observarán,,,,,,,,,1,dictar,,,,,,
1,septiembre,,,1,transmisión,,,,,,,,,1,resoluciones,,,,,,
1,apoyo,,,1,Direcciones,,,,,,,,,1,disposiciones,,,,,,
1,condición,,,1,equipos,,,,,,,,,1,e,,,,,,
1,Colaboración,,,1,involucrado,,,,,,,,,1,instrucciones,,,,,,
1,integrantes,,,1,regulación,,,,,,,,,1,interpretativas,,,,,,
1,Policía,,,1,adecuados,,,,,,,,,1,esfera,,,,,,
1,corporaciones,,,1,velando,,,,,,,,,1,específica,,,,,,
1,practicar,,,1,efectivo,,,,,,,,,1,actuación,,,,,,
1,comprobaciones,,,1,correcto,,,,,,,,,1,eficacia,,,,,,
1,comprobar,,,1,procurando,,,,,,,,,1,Decimotercero,,,,,,
1,impedir,,,1,distintos,,,,,,,,,1,Efectos,,,,,,
1,lleven,,,1,periódicamente,,,,,,,,,1,producirá,,,,,,
1,suspendidas,,,1,infección,,,,,,,,,1,Decimocuarto,,,,,,
1,expresamente,,,1,sometido,,,,,,,,,1,Ciudades,,,,,,
1,exceptuadas,,,1,territoriales,,,,,,,,,1,referencias,,,,,,
1,prohibiciones,,,1,competenciales,,,,,,,,,1,efectuadas,,,,,,
1,suspender,,,1,Cuarto,,,,,,,,,1,entenderán,,,,,,
1,estén,,,1,Ejecución,,,,,,,,,1,referidas,,,,,,
1,llevando,,,1,transportes,,,,,,,,,1,estatal,,,,,,
1,ciudadanía,,,1,únicamente,,,,,,,,,1,ciudades,,,,,,
1,deber,,,1,siguientes,,,,,,,,,1,Decimoquinto,,,,,,
1,colaborar,,,1,Adquisición,,,,,,,,,1,pone,,,,,,
1,obstaculizar,,,1,laboral,,,,,,,,,1,vía,,,,,,
1,labor,,,1,profesional,,,,,,,,,1,administrativa,,,,,,
1,cuenten,,,1,empresarial,,,,,,,,,1,interponer,,,,,,
1,cuerpos,,,1,Retorno,,,,,,,,,1,recurso,,,,,,
1,policiales,,,1,residencia,,,,,,,,,1,contencioso,,,,,,
1,Comisiones,,,1,habitual,,,,,,,,,1,administrativo,,,,,,
1,Seguimiento,,,1,cuidado,,,,,,,,,1,Sala,,,,,,
1,Coordinación,,,1,mayores,,,,,,,,,1,Administrativo,,,,,,
1,Juntas,,,1,menores,,,,,,,,,1,Audiencia,,,,,,
1,mecanismos,,,1,dependientes,,,,,,,,,1,conformidad,,,,,,
1,señalado,,,1,discapacidad,,,,,,,,,1,11,,,,,,
1,emergencias,,,1,vulnerables,,,,,,,,,1,29/1998,,,,,,
1,civil,,,1,financieras,,,,,,,,,1,julio,,,,,,
1,definidos,,,1,g,,,,,,,,,1,reguladora,,,,,,
1,17/2015,,,1,causa,,,,,,,,,1,Jurisdicción,,,,,,
1,Protección,,,1,fuerza,,,,,,,,,1,Administrativa,,,,,,
1,actuarán,,,1,h,,,,,,,,,1,Madrid,,,,,,
1,dependencia,,,1,análoga,,,,,,,,,1,15,,,,,,
1,funcional,,,1,debidamente,,,,,,,,,1,2020.–El,,,,,,
1,considere,,,1,justificada,,,,,,,,,1,Salvador,,,,,,
1,sujetos,,,1,permitirá,,,,,,,,,1,Illa,,,,,,
1,5/2014,,,1,particulares,,,,,,,,,1,Roca,,,,,,
1,Privada,,,1,referidas,,,,,,,,,,,,,,,,
1,eficaz,,,1,repostaje,,,,,,,,,,,,,,,,
1,requerir,,,1,gasolineras,,,,,,,,,,,,,,,,
1,Gestión,,,1,estaciones,,,,,,,,,,,,,,,,
1,conservará,,,1,desplazamiento,,,,,,,,,,,,,,,,
1,vigente,,,1,respetarse,,,,,,,,,,,,,,,,
1,estime,,,1,dictadas,,,,,,,,,,,,,,,,
1,Limitación,,,1,cierre,,,,,,,,,,,,,,,,
1,únicamente,,,1,carreteras,,,,,,,,,,,,,,,,
1,circular,,,1,tramos,,,,,,,,,,,,,,,,
1,Adquisición,,,1,fluidez,,,,,,,,,,,,,,,,
1,efectuar,,,1,restricción,,,,,,,,,,,,,,,,
1,laboral,,,1,acceso,,,,,,,,,,,,,,,,
1,profesional,,,1,motivos,,,,,,,,,,,,,,,,
1,empresarial,,,1,vial,,,,,,,,,,,,,,,,
1,Retorno,,,1,garantizarán,,,,,,,,,,,,,,,,
1,residencia,,,1,divulgación,,,,,,,,,,,,,,,,
1,habitual,,,1,población,,,,,,,,,,,,,,,,
1,cuidado,,,1,afectar,,,,,,,,,,,,,,,,
1,mayores,,,1,rodado,,,,,,,,,,,,,,,,
1,menores,,,1,medios,,,,,,,,,,,,,,,,
1,dependientes,,,1,cualquiera,,,,,,,,,,,,,,,,
1,especialmente,,,1,Transportes,,,,,,,,,,,,,,,,
1,financieras,,,1,Movilidad,,,,,,,,,,,,,,,,
1,seguros,,,1,Agenda,,,,,,,,,,,,,,,,
1,fuerza,,,1,Urbana,,,,,,,,,,,,,,,,
1,h,,,1,acuerdos,,,,,,,,,,,,,,,,
1,análoga,,,1,resoluciones,,,,,,,,,,,,,,,,
1,hacerse,,,1,ordinarios,,,,,,,,,,,,,,,,
1,individualmente,,,1,orden,,,,,,,,,,,,,,,,
1,acompañe,,,1,atribuyéndosele,,,,,,,,,,,,,,,,
1,justificada,,,1,facultad,,,,,,,,,,,,,,,,
1,Igualmente,,,1,reducir,,,,,,,,,,,,,,,,
1,permitirá,,,1,oferta,,,,,,,,,,,,,,,,
1,particulares,,,1,operaciones,,,,,,,,,,,,,,,,
1,referidas,,,1,carretera,,,,,,,,,,,,,,,,
1,repostaje,,,1,ferroviarios,,,,,,,,,,,,,,,,
1,gasolineras,,,1,aéreo,,,,,,,,,,,,,,,,
1,estaciones,,,1,marítimo,,,,,,,,,,,,,,,,
1,desplazamiento,,,1,modificar,,,,,,,,,,,,,,,,
1,respetarse,,,1,porcentajes,,,,,,,,,,,,,,,,
1,dictadas,,,1,establecer,,,,,,,,,,,,,,,,
1,cierre,,,1,fijos,,,,,,,,,,,,,,,,
1,carreteras,,,1,móviles,,,,,,,,,,,,,,,,
1,tramos,,,1,red,,,,,,,,,,,,,,,,
1,fluidez,,,1,franjas,,,,,,,,,,,,,,,,
1,restricción,,,1,horarias,,,,,,,,,,,,,,,,
1,acceso,,,1,específicamente,,,,,,,,,,,,,,,,
1,determinados,,,1,vean,,,,,,,,,,,,,,,,
1,motivos,,,1,restricciones,,,,,,,,,,,,,,,,
1,refieren,,,1,recogen,,,,,,,,,,,,,,,,
1,adopten,,,1,limitativas,,,,,,,,,,,,,,,,
1,ejercen,,,1,procede,,,,,,,,,,,,,,,,
1,ejecución,,,1,sancionar,,,,,,,,,,,,,,,,
1,estatales,,,1,documentales,,,,,,,,,,,,,,,,
1,divulgación,,,1,amparo,,,,,,,,,,,,,,,,
1,afectar,,,1,acceder,,,,,,,,,,,,,,,,
1,rodado,,,1,básicos,,,,,,,,,,,,,,,,
1,8,,,1,perteneciente,,,,,,,,,,,,,,,,
1,Requisas,,,1,dedicadas,,,,,,,,,,,,,,,,
1,practiquen,,,1,adopten,,,,,,,,,,,,,,,,
1,requisa,,,1,aseguramiento,,,,,,,,,,,,,,,,
1,acuerde,,,1,Sanidad,,,,,,,,,,,,,,,,
1,correspondiente,,,1,mercado,,,,,,,,,,,,,,,,
1,imponerse,,,1,desabastecimiento,,,,,,,,,,,,,,,,
1,consecución,,,1,intervenir,,,,,,,,,,,,,,,,
1,educativo,,,1,ocupar,,,,,,,,,,,,,,,,
1,educativa,,,1,transitoriamente,,,,,,,,,,,,,,,,
1,presencial,,,1,industrias,,,,,,,,,,,,,,,,
1,etapas,,,1,talleres,,,,,,,,,,,,,,,,
1,ciclos,,,1,explotaciones,,,,,,,,,,,,,,,,
1,grados,,,1,titularidad,,,,,,,,,,,,,,,,
1,cursos,,,1,industria,,,,,,,,,,,,,,,,
1,contemplados,,,1,farmacéutica,,,,,,,,,,,,,,,,
1,2/2006,,,1,imponer,,,,,,,,,,,,,,,,
1,mayo,,,1,prestaciones,,,,,,,,,,,,,,,,
1,Educación,,,1,obligatorias,,,,,,,,,,,,,,,,
1,incluida,,,1,adecuada,,,,,,,,,,,,,,,,
1,universitaria,,,1,permanentes,,,,,,,,,,,,,,,,
1,impartidas,,,1,habilitados,,,,,,,,,,,,,,,,
1,privados,,,1,temporalmente,,,,,,,,,,,,,,,,
1,período,,,1,elaboración,,,,,,,,,,,,,,,,
1,on,,,1,almacenamiento,,,,,,,,,,,,,,,,
1,line,,,1,intensificará,,,,,,,,,,,,,,,,
1,comercial,,,1,figura,,,,,,,,,,,,,,,,
1,culturales,,,1,interlocutor,,,,,,,,,,,,,,,,
1,bebidas,,,1,regulado,,,,,,,,,,,,,,,,
1,médicos,,,1,3/2017,,,,,,,,,,,,,,,,
1,ópticas,,,1,cauce,,,,,,,,,,,,,,,,
1,ortopédicos,,,1,comunicación,,,,,,,,,,,,,,,,
1,higiénicos,,,1,sistema,,,,,,,,,,,,,,,,
1,peluquerías,,,1,apoyarán,,,,,,,,,,,,,,,,
1,prensa,,,1,emergencias,,,,,,,,,,,,,,,,
1,papelería,,,1,comercial,,,,,,,,,,,,,,,,
1,combustible,,,1,suspensión,,,,,,,,,,,,,,,,
1,automoción,,,1,juicio,,,,,,,,,,,,,,,,
1,estancos,,,1,suponer,,,,,,,,,,,,,,,,
1,equipos,,,1,riesgo,,,,,,,,,,,,,,,,
1,tecnológicos,,,1,contagio,,,,,,,,,,,,,,,,
1,telecomunicaciones,,,1,permanencia,,,,,,,,,,,,,,,,
1,animales,,,1,esté,,,,,,,,,,,,,,,,
1,compañía,,,1,permitida,,,,,,,,,,,,,,,,
1,comercio,,,1,adquisición,,,,,,,,,,,,,,,,
1,internet,,,1,quedando,,,,,,,,,,,,,,,,
1,telefónico,,,1,suspendida,,,,,,,,,,,,,,,,
1,correspondencia,,,1,suspende,,,,,,,,,,,,,,,,
1,tintorerías,,,1,espectáculos,,,,,,,,,,,,,,,,
1,lavanderías,,,1,culturales,,,,,,,,,,,,,,,,
1,juicio,,,1,artísticas,,,,,,,,,,,,,,,,
1,suponer,,,1,deportivas,,,,,,,,,,,,,,,,
1,contagio,,,1,ocio,,,,,,,,,,,,,,,,
1,permanencia,,,1,suspenden,,,,,,,,,,,,,,,,
1,esté,,,1,asimismo,,,,,,,,,,,,,,,,
1,permitida,,,1,hostelería,,,,,,,,,,,,,,,,
1,necesaria,,,1,restauración,,,,,,,,,,,,,,,,
1,adquisición,,,1,cafeterías,,,,,,,,,,,,,,,,
1,quedando,,,1,restaurantes,,,,,,,,,,,,,,,,
1,evitarán,,,1,permanecerán,,,,,,,,,,,,,,,,
1,controlará,,,1,cerrados,,,,,,,,,,,,,,,,
1,mantengan,,,1,prestar,,,,,,,,,,,,,,,,
1,posibles,,,1,exclusivamente,,,,,,,,,,,,,,,,
1,contagios,,,1,entrega,,,,,,,,,,,,,,,,
1,museos,,,1,domicilio,,,,,,,,,,,,,,,,
1,archivos,,,1,verbenas,,,,,,,,,,,,,,,,
1,bibliotecas,,,1,desfiles,,,,,,,,,,,,,,,,
1,monumentos,,,1,fiestas,,,,,,,,,,,,,,,,
1,espectáculos,,,1,populares,,,,,,,,,,,,,,,,
1,deportivas,,,1,ceremonias,,,,,,,,,,,,,,,,
1,anexo,,,1,religiosas,,,,,,,,,,,,,,,,
1,prestarse,,,1,fúnebres,,,,,,,,,,,,,,,,
1,exclusivamente,,,1,queda,,,,,,,,,,,,,,,,
1,entrega,,,1,condicionada,,,,,,,,,,,,,,,,
1,domicilio,,,1,consistentes,,,,,,,,,,,,,,,,
1,asimismo,,,1,aglomeraciones,,,,,,,,,,,,,,,,
1,verbenas,,,1,dimensiones,,,,,,,,,,,,,,,,
1,fúnebres,,,1,características,,,,,,,,,,,,,,,,
1,condicionan,,,1,garantice,,,,,,,,,,,,,,,,
1,organizativas,,,1,asistentes,,,,,,,,,,,,,,,,
1,consistentes,,,1,respetar,,,,,,,,,,,,,,,,
1,función,,,1,distancia,,,,,,,,,,,,,,,,
1,dimensiones,,,1,metro,,,,,,,,,,,,,,,,
1,garantice,,,1,destinadas,,,,,,,,,,,,,,,,
1,asistentes,,,1,preciso,,,,,,,,,,,,,,,,
1,respetar,,,1,permitiendo,,,,,,,,,,,,,,,,
1,12,,,1,comerciales,,,,,,,,,,,,,,,,
1,dirigidas,,,1,venta,,,,,,,,,,,,,,,,
1,funcionarios,,,1,consumidor,,,,,,,,,,,,,,,,
1,trabajadores,,,1,incluyendo,,,,,,,,,,,,,,,,
1,correspondientes,,,1,almacenes,,,,,,,,,,,,,,,,
1,asegurando,,,1,corredores,,,,,,,,,,,,,,,,
1,adecuado,,,1,materias,,,,,,,,,,,,,,,,
1,reserva,,,1,primas,,,,,,,,,,,,,,,,
1,cohesión,,,1,procedentes,,,,,,,,,,,,,,,,
1,equidad,,,1,granjas,,,,,,,,,,,,,,,,
1,referido,,,1,piensos,,,,,,,,,,,,,,,,
1,especial,,,1,animal,,,,,,,,,,,,,,,,
1,asegurará,,,1,mataderos,,,,,,,,,,,,,,,,
1,plena,,,1,energía,,,,,,,,,,,,,,,,
1,responsables,,,1,eléctrica,,,,,,,,,,,,,,,,
1,presten,,,1,derivados,,,,,,,,,,,,,,,,
1,determinar,,,1,petróleo,,,,,,,,,,,,,,,,
1,técnicos,,,1,gas,,,,,,,,,,,,,,,,
1,necesidades,,,1,natural,,,,,,,,,,,,,,,,
1,pongan,,,1,adoptados,,,,,,,,,,,,,,,,
1,manifiesto,,,1,respaldar,,,,,,,,,,,,,,,,
1,ejercerán,,,1,acompañamiento,,,,,,,,,,,,,,,,
1,militar,,,1,realicen,,,,,,,,,,,,,,,,
1,contribuyan,,,1,mencionados,,,,,,,,,,,,,,,,
1,ejercer,,,1,inspección,,,,,,,,,,,,,,,,
1,aseguramiento,,,1,fronteriza,,,,,,,,,,,,,,,,
1,Impartir,,,1,ubicados,,,,,,,,,,,,,,,,
1,mercado,,,1,puertos,,,,,,,,,,,,,,,,
1,desabastecimiento,,,1,aeropuertos,,,,,,,,,,,,,,,,
1,Intervenir,,,1,atenderá,,,,,,,,,,,,,,,,
1,ocupar,,,1,prioritaria,,,,,,,,,,,,,,,,
1,transitoriamente,,,1,importación,,,,,,,,,,,,,,,,
1,industrias,,,1,identificados,,,,,,,,,,,,,,,,
1,talleres,,,1,base,,,,,,,,,,,,,,,,
1,explotaciones,,,1,operativo,,,,,,,,,,,,,,,,
1,farmacéutico,,,1,cuerpo,,,,,,,,,,,,,,,,
1,Practicar,,,1,responsable,,,,,,,,,,,,,,,,
1,imponer,,,1,infraestructura,,,,,,,,,,,,,,,,
1,casos,,,1,dichas,,,,,,,,,,,,,,,,
1,adecuada,,,1,Infraestructuras,,,,,,,,,,,,,,,,
1,contexto,,,1,Ciberseguridad,,,,,,,,,,,,,,,,
1,habilitado,,,1,recabará,,,,,,,,,,,,,,,,
1,movilidad,,,1,vinculado,,,,,,,,,,,,,,,,
1,adoptan,,,1,tareas,,,,,,,,,,,,,,,,
1,aplicables,,,1,comunicará,,,,,,,,,,,,,,,,
1,interior,,,1,consulta,,,,,,,,,,,,,,,,
1,estatal,,,1,emitirá,,,,,,,,,,,,,,,,
1,i.,,,1,pertinentes,,,,,,,,,,,,,,,,
1,ii,,,1,acreditaciones,,,,,,,,,,,,,,,,
1,AVANT,,,1,autorizadas,,,,,,,,,,,,,,,,
1,iii,,,1,exhibirse,,,,,,,,,,,,,,,,
1,regulares,,,1,requeridas,,,,,,,,,,,,,,,,
1,iv,,,1,anteriormente,,,,,,,,,,,,,,,,
1,v.,,,1,extensible,,,,,,,,,,,,,,,,
1,navegación,,,1,organizaciones,,,,,,,,,,,,,,,,
1,cercanías,,,1,consideradas,,,,,,,,,,,,,,,,
1,anteriormente,,,1,tengan,,,,,,,,,,,,,,,,
1,aconseje,,,1,especiales,,,,,,,,,,,,,,,,
1,criterios,,,1,concurren,,,,,,,,,,,,,,,,
1,Península,,,1,cadenas,,,,,,,,,,,,,,,,
1,territorios,,,1,medicinas,,,,,,,,,,,,,,,,
1,peninsulares,,,1,reparación,,,,,,,,,,,,,,,,
1,islas,,,1,relativas,,,,,,,,,,,,,,,,
1,limpieza,,,1,control,,,,,,,,,,,,,,,,
1,diaria,,,1,Queda,,,,,,,,,,,,,,,,
1,sistemas,,,1,exceptuado,,,,,,,,,,,,,,,,
1,online,,,1,limitaciones,,,,,,,,,,,,,,,,
1,incluir,,,1,generales,,,,,,,,,,,,,,,,
1,mensaje,,,1,extranjero,,,,,,,,,,,,,,,,
1,suficientemente,,,1,miembro,,,,,,,,,,,,,,,,
1,visible,,,1,misiones,,,,,,,,,,,,,,,,
1,desaconseje,,,1,diplomáticas,,,,,,,,,,,,,,,,
1,viajar,,,1,oficinas,,,,,,,,,,,,,,,,
1,contenido,,,1,consulares,,,,,,,,,,,,,,,,
1,anuncio,,,1,organismos,,,,,,,,,,,,,,,,
1,billete,,,1,internacionales,,,,,,,,,,,,,,,,
1,plaza,,,1,sitos,,,,,,,,,,,,,,,,
1,sentada,,,1,país,,,,,,,,,,,,,,,,
1,camarote,,,1,terceros,,,,,,,,,,,,,,,,
1,tomarán,,,1,encuentre,,,,,,,,,,,,,,,,
1,procurar,,,1,igualmente,,,,,,,,,,,,,,,,
1,máxima,,,1,vinculados,,,,,,,,,,,,,,,,
1,separación,,,1,desempeño,,,,,,,,,,,,,,,,
1,pasajeros,,,1,oficiales,,,,,,,,,,,,,,,,
1,llevarán,,,1,preverá,,,,,,,,,,,,,,,,
1,ajustes,,,1,disponibilidad,,,,,,,,,,,,,,,,
1,cumplir,,,1,recursos,,,,,,,,,,,,,,,,
1,forma,,,1,ordenarse,,,,,,,,,,,,,,,,
1,homogéneamente,,,1,fines,,,,,,,,,,,,,,,,
1,distintos,,,1,8,,,,,,,,,,,,,,,,
1,prestan,,,1,integrarán,,,,,,,,,,,,,,,,
1,plantear,,,1,dispersión,,,,,,,,,,,,,,,,
1,cuestiones,,,1,esfuerzos,,,,,,,,,,,,,,,,
1,requieran,,,1,potenciará,,,,,,,,,,,,,,,,
1,interpretación,,,1,preste,,,,,,,,,,,,,,,,
1,aclaración,,,1,actuantes,,,,,,,,,,,,,,,,
1,técnicas,,,1,impartirán,,,,,,,,,,,,,,,,
1,operativas,,,1,prevenir,,,,,,,,,,,,,,,,
1,resulta,,,1,minimizar,,,,,,,,,,,,,,,,
1,viable,,,1,desinformación,,,,,,,,,,,,,,,,
1,directa,,,1,extremándose,,,,,,,,,,,,,,,,
1,ajuste,,,1,monitorización,,,,,,,,,,,,,,,,
1,rápido,,,1,redes,,,,,,,,,,,,,,,,
1,durar,,,1,páginas,,,,,,,,,,,,,,,,
1,facilitar,,,1,web,,,,,,,,,,,,,,,,
1,mercancías,,,1,difundan,,,,,,,,,,,,,,,,
1,objeto,,,1,mensajes,,,,,,,,,,,,,,,,
1,limitar,,,1,informaciones,,,,,,,,,,,,,,,,
1,preservar,,,1,falsas,,,,,,,,,,,,,,,,
1,15,,,1,orientadas,,,,,,,,,,,,,,,,
1,permitiendo,,,1,incrementar,,,,,,,,,,,,,,,,
1,consumidor,,,1,estrés,,,,,,,,,,,,,,,,
1,incluyendo,,,1,social,,,,,,,,,,,,,,,,
1,almacenes,,,1,instando,,,,,,,,,,,,,,,,
1,logísticos,,,1,legislación,,,,,,,,,,,,,,,,
1,mercados,,,1,aplicable,,,,,,,,,,,,,,,,
1,resultara,,,1,activación,,,,,,,,,,,,,,,,
1,acompañamiento,,,1,resultados,,,,,,,,,,,,,,,,
1,realicen,,,1,mantener,,,,,,,,,,,,,,,,
1,preciso,,,1,nivel,,,,,,,,,,,,,,,,
1,corredores,,,1,Quinto,,,,,,,,,,,,,,,,
1,permitir,,,1,deber,,,,,,,,,,,,,,,,
1,salida,,,1,cívico,,,,,,,,,,,,,,,,
1,materias,,,1,colaborar,,,,,,,,,,,,,,,,
1,primas,,,1,obstaculizar,,,,,,,,,,,,,,,,
1,elaborados,,,1,labor,,,,,,,,,,,,,,,,
1,procedentes,,,1,10,,,,,,,,,,,,,,,,
1,granjas,,,1,sancionado,,,,,,,,,,,,,,,,
1,lonjas,,,1,señalados,,,,,,,,,,,,,,,,
1,piensos,,,1,punto,,,,,,,,,,,,,,,,
1,animal,,,1,fuesen,,,,,,,,,,,,,,,,
1,mataderos,,,1,cometidos,,,,,,,,,,,,,,,,
1,movilización,,,1,empleados,,,,,,,,,,,,,,,,
1,Tránsito,,,1,tramitará,,,,,,,,,,,,,,,,
1,tránsito,,,1,correspondiente,,,,,,,,,,,,,,,,
1,inspección,,,1,atestado,,,,,,,,,,,,,,,,
1,fronteriza,,,1,incoará,,,,,,,,,,,,,,,,
1,ubicados,,,1,procedimiento,,,,,,,,,,,,,,,,
1,puertos,,,1,notificándolo,,,,,,,,,,,,,,,,
1,aeropuertos,,,1,superior,,,,,,,,,,,,,,,,
1,atenderá,,,1,jerárquico,,,,,,,,,,,,,,,,
1,prioritaria,,,1,disciplinarios,,,,,,,,,,,,,,,,
1,Garantía,,,1,pondrá,,,,,,,,,,,,,,,,
1,24/2013,,,1,conocimiento,,,,,,,,,,,,,,,,
1,26,,,1,traslado,,,,,,,,,,,,,,,,
1,diciembre,,,1,suspenderlos,,,,,,,,,,,,,,,,
1,Sector,,,1,cargos,,,,,,,,,,,,,,,,
1,Eléctrico,,,1,incurrir,,,,,,,,,,,,,,,,
1,49,,,1,conviene,,,,,,,,,,,,,,,,
1,101,,,1,recordar,,,,,,,,,,,,,,,,
1,34/1998,,,1,constitutivos,,,,,,,,,,,,,,,,
1,hidrocarburos,,,1,atentados,,,,,,,,,,,,,,,,
1,18,,,1,tipificados,,,,,,,,,,,,,,,,
1,Operadores,,,1,forma,,,,,,,,,,,,,,,,
1,8/2011,,,1,específica,,,,,,,,,,,,,,,,
1,establecen,,,1,550,,,,,,,,,,,,,,,,
1,infraestructuras,,,1,556,,,,,,,,,,,,,,,,
1,críticas,,,1,Código,,,,,,,,,,,,,,,,
1,Dicha,,,1,Penal,,,,,,,,,,,,,,,,
1,exigencia,,,1,grave,,,,,,,,,,,,,,,,
1,adoptada,,,1,constitutivas,,,,,,,,,,,,,,,,
1,proveedores,,,1,delito,,,,,,,,,,,,,,,,
1,teniendo,,,1,negativa,,,,,,,,,,,,,,,,
1,consideración,,,1,identificarse,,,,,,,,,,,,,,,,
1,Medios,,,1,alegación,,,,,,,,,,,,,,,,
1,inserción,,,1,falsos,,,,,,,,,,,,,,,,
1,mensajes,,,1,inexactos,,,,,,,,,,,,,,,,
1,anuncios,,,1,procesos,,,,,,,,,,,,,,,,
1,comunicaciones,,,1,identificación,,,,,,,,,,,,,,,,
1,consideren,,,1,Sexto,,,,,,,,,,,,,,,,
1,emitir,,,1,-para,,,,,,,,,,,,,,,,
1,20,,,1,involucrados-,,,,,,,,,,,,,,,,
1,Régimen,,,1,Gabinete,,,,,,,,,,,,,,,,
1,sancionador,,,1,Estudios,,,,,,,,,,,,,,,,
1,incumplimiento,,,1,constituirá,,,,,,,,,,,,,,,,
1,resistencia,,,1,asegure,,,,,,,,,,,,,,,,
1,sancionado,,,1,toma,,,,,,,,,,,,,,,,
1,diez,,,1,conjunta,,,,,,,,,,,,,,,,
1,Personal,,,1,decisiones,,,,,,,,,,,,,,,,
1,Queda,,,1,acontecimientos,,,,,,,,,,,,,,,,
1,exceptuado,,,1,Formarán,,,,,,,,,,,,,,,,
1,limitaciones,,,1,Defensa,,,,,,,,,,,,,,,,
1,oficinas,,,1,objetivo,,,,,,,,,,,,,,,,
1,consulares,,,1,adecuado,,,,,,,,,,,,,,,,
1,organismos,,,1,cuantitativa,,,,,,,,,,,,,,,,
1,internacionales,,,1,cualitativa,,,,,,,,,,,,,,,,
1,sitos,,,1,adoptadas,,,,,,,,,,,,,,,,
1,España,,,1,posibles,,,,,,,,,,,,,,,,
1,país,,,1,afecten,,,,,,,,,,,,,,,,
1,terceros,,,1,diariamente,,,,,,,,,,,,,,,,
1,encuentre,,,1,remitirá,,,,,,,,,,,,,,,,
1,trate,,,1,correo,,,,,,,,,,,,,,,,
1,vinculados,,,1,electrónico,,,,,,,,,,,,,,,,
1,desempeño,,,1,ses.covid19@interior,,,,,,,,,,,,,,,,
1,oficiales,,,1,habilitada,,,,,,,,,,,,,,,,
1,jurisdiccional,,,1,Permanente,,,,,,,,,,,,,,,,
1,penal,,,1,09:30,,,,,,,,,,,,,,,,
1,fase,,,1,informe,,,,,,,,,,,,,,,,
1,urgente,,,1,resumen,,,,,,,,,,,,,,,,
1,resto,,,1,importantes,,,,,,,,,,,,,,,,
1,supuestos,,,1,actualizada,,,,,,,,,,,,,,,,
1,persona,,,1,referida,,,,,,,,,,,,,,,,
1,114,,,1,indicadores,,,,,,,,,,,,,,,,
1,Jurisdicción,,,1,expresan,,,,,,,,,,,,,,,,
1,Contencioso,,,1,documento,,,,,,,,,,,,,,,,
1,administrativa,,,1,adjunta,,,,,,,,,,,,,,,,
1,autorizaciones,,,1,línea,,,,,,,,,,,,,,,,
1,ratificaciones,,,1,Distintos,,,,,,,,,,,,,,,,
1,8.6,,,1,dicha,,,,,,,,,,,,,,,,
1,citada,,,1,independencia,,,,,,,,,,,,,,,,
1,ley,,,1,pertenezcan,,,,,,,,,,,,,,,,
1,conflicto,,,1,Delegaciones,,,,,,,,,,,,,,,,
1,colectivo,,,1,subdelegaciones,,,,,,,,,,,,,,,,
1,tutela,,,1,determinen,,,,,,,,,,,,,,,,
1,libertades,,,1,constituirán,,,,,,,,,,,,,,,,
1,regulados,,,1,Centros,,,,,,,,,,,,,,,,
1,36/2011,,,1,integrados,,,,,,,,,,,,,,,,
1,jurisdicción,,,1,periféricos,,,,,,,,,,,,,,,,
1,autorización,,,1,Autonómica,,,,,,,,,,,,,,,,
1,internamiento,,,1,Local,,,,,,,,,,,,,,,,
1,voluntario,,,1,territorios,,,,,,,,,,,,,,,,
1,razón,,,1,Dichos,,,,,,,,,,,,,,,,
1,trastorno,,,1,coordinando,,,,,,,,,,,,,,,,
1,psíquico,,,1,impartidos,,,,,,,,,,,,,,,,
1,763,,,1,jerárquica,,,,,,,,,,,,,,,,
1,1/2000,,,1,definidos,,,,,,,,,,,,,,,,
1,enero,,,1,sujeción,,,,,,,,,,,,,,,,
1,Enjuiciamiento,,,1,conferidas,,,,,,,,,,,,,,,,
1,menor,,,1,Comisiones,,,,,,,,,,,,,,,,
1,158,,,1,Seguimiento,,,,,,,,,,,,,,,,
1,Código,,,1,impuestos,,,,,,,,,,,,,,,,
1,irreparables,,,1,comprobación,,,,,,,,,,,,,,,,
1,legítimos,,,1,prohibición,,,,,,,,,,,,,,,,
1,partes,,,1,local,,,,,,,,,,,,,,,,
1,administrativos,,,1,facilitar,,,,,,,,,,,,,,,,
1,definido,,,1,cooperación,,,,,,,,,,,,,,,,
1,39/2015,,,1,intervienen,,,,,,,,,,,,,,,,
1,Procedimiento,,,1,término,,,,,,,,,,,,,,,,
1,Administrativo,,,1,municipal,,,,,,,,,,,,,,,,
1,Común,,,1,hará,,,,,,,,,,,,,,,,
1,ordenación,,,1,cauces,,,,,,,,,,,,,,,,
1,suspenda,,,1,existentes,,,,,,,,,,,,,,,,
1,afectará,,,1,expuesto,,,,,,,,,,,,,,,,
1,vengan,,,1,apartados,,,,,,,,,,,,,,,,
1,situaciones,,,1,entiende,,,,,,,,,,,,,,,,
1,estrechamente,,,1,reuniones,,,,,,,,,,,,,,,,
1,vinculadas,,,1,contactos,,,,,,,,,,,,,,,,
1,justificativos,,,1,contenido,,,,,,,,,,,,,,,,
1,cuarta,,,1,oportunamente,,,,,,,,,,,,,,,,
1,acciones,,,1,Delegado,,,,,,,,,,,,,,,,
1,suspendidos,,,1,Subdelegado,,,,,,,,,,,,,,,,
1,adoptaren,,,1,respectivo,,,,,,,,,,,,,,,,
1,quinta,,,1,Criterios,,,,,,,,,,,,,,,,
1,Carácter,,,1,velar,,,,,,,,,,,,,,,,
1,agente,,,1,vigilar,,,,,,,,,,,,,,,,
1,39/2007,,,1,corresponde,,,,,,,,,,,,,,,,
1,Carrera,,,1,obstante,,,,,,,,,,,,,,,,
1,Militar,,,1,corresponderá,,,,,,,,,,,,,,,,
1,Ratificación,,,1,prioritario,,,,,,,,,,,,,,,,
1,Quedan,,,1,decisión,,,,,,,,,,,,,,,,
1,ratificadas,,,1,estimen,,,,,,,,,,,,,,,,
1,ocasión,,,1,mutuo,,,,,,,,,,,,,,,,
1,continuarán,,,1,recíproca,,,,,,,,,,,,,,,,
1,vigentes,,,1,respectivas,,,,,,,,,,,,,,,,
1,producirán,,,1,determinado,,,,,,,,,,,,,,,,
1,compatibles,,,1,concreta,,,,,,,,,,,,,,,,
1,contemplada,,,1,simultáneamente,,,,,,,,,,,,,,,,
1,entiende,,,1,Unidades,,,,,,,,,,,,,,,,
1,8.6.2.º,,,1,Mandos,,,,,,,,,,,,,,,,
1,Habilitación,,,1,asuman,,,,,,,,,,,,,,,,
1,declarado,,,1,dirección,,,,,,,,,,,,,,,,
1,sucesivos,,,1,operación,,,,,,,,,,,,,,,,
1,decretos,,,1,Séptimo,,,,,,,,,,,,,,,,
1,modifiquen,,,1,Comunicación,,,,,,,,,,,,,,,,
1,amplíen,,,1,surtirá,,,,,,,,,,,,,,,,
1,establecidas,,,1,plenos,,,,,,,,,,,,,,,,
1,Congreso,,,1,Boletín,,,,,,,,,,,,,,,,
1,Diputados,,,1,Oficial,,,,,,,,,,,,,,,,
1,octavo.dos,,,1,estipulado,,,,,,,,,,,,,,,,
1,Entrada,,,1,mantendrá,,,,,,,,,,,,,,,,
1,entrará,,,1,sucesivas,,,,,,,,,,,,,,,,
1,publicación,,,1,prórrogas,,,,,,,,,,,,,,,,
1,Boletín,,,1,Madrid,,,,,,,,,,,,,,,,
1,Oficial,,,1,15,,,,,,,,,,,,,,,,
1,Madrid,,,1,2020.–El,,,,,,,,,,,,,,,,
1,FELIPE,,,1,Fernando,,,,,,,,,,,,,,,,
1,R.,,,1,Grande,,,,,,,,,,,,,,,,
1,CARMEN,,,1,Marlaska,,,,,,,,,,,,,,,,
1,CALVO,,,1,Gómez,,,,,,,,,,,,,,,,
1,POYATO,,,1,ANEXO,,,,,,,,,,,,,,,,
1,ANEXO,,,1,incluir,,,,,,,,,,,,,,,,
1,Relación,,,1,diario,,,,,,,,,,,,,,,,
1,10.3,,,1,remitido,,,,,,,,,,,,,,,,
1,Museos,,,1,Incidencia,,,,,,,,,,,,,,,,
1,Archivos,,,1,número,,,,,,,,,,,,,,,,
1,Bibliotecas,,,1,realizadas,,,,,,,,,,,,,,,,
1,Monumentos,,,1,curso,,,,,,,,,,,,,,,,
1,Espectáculos,,,1,expresión,,,,,,,,,,,,,,,,
1,Esparcimiento,,,1,inicio,,,,,,,,,,,,,,,,
1,Café,,,1,finalización,,,,,,,,,,,,,,,,
1,Circos,,,1,judiciales,,,,,,,,,,,,,,,,
1,Restaurante,,,1,notificaciones,,,,,,,,,,,,,,,,
1,artísticos,,,1,acciones,,,,,,,,,,,,,,,,
1,Auditorios,,,1,etc,,,,,,,,,,,,,,,,
1,Cines,,,1,campo,,,,,,,,,,,,,,,,
1,Plazas,,,1,especificar,,,,,,,,,,,,,,,,
1,taurinas,,,1,solicitado,,,,,,,,,,,,,,,,
1,Pabellones,,,1,desarrollada,,,,,,,,,,,,,,,,
1,Congresos,,,1,unidad,,,,,,,,,,,,,,,,
1,conciertos,,,1,especialidad,,,,,,,,,,,,,,,,
1,conferencias,,,1,intervenido,,,,,,,,,,,,,,,,
1,exposiciones,,,1,suministros,,,,,,,,,,,,,,,,
1,multiuso,,,1,centrales,,,,,,,,,,,,,,,,
1,Teatros,,,1,alimentarios,,,,,,,,,,,,,,,,
1,Deportivos,,,1,mayoristas,,,,,,,,,,,,,,,,
1,cerrados,,,1,custodia,,,,,,,,,,,,,,,,
1,fútbol,,,1,custodiar,,,,,,,,,,,,,,,,
1,rugby,,,1,decretadas,,,,,,,,,,,,,,,,
1,béisbol,,,1,Alarma,,,,,,,,,,,,,,,,
1,baloncesto,,,1,identificadas,,,,,,,,,,,,,,,,
1,balonmano,,,1,detenidas,,,,,,,,,,,,,,,,
1,balonvolea,,,1,penalmente,,,,,,,,,,,,,,,,
1,plato,,,1,sancionables,,,,,,,,,,,,,,,,
1,pichón,,,1,propuestas,,,,,,,,,,,,,,,,
1,Galerías,,,1,contempladas,,,,,,,,,,,,,,,,
1,tenis,,,1,36.4,,,,,,,,,,,,,,,,
1,patinaje,,,1,36.5,,,,,,,,,,,,,,,,
1,hockey,,,1,37,,,,,,,,,,,,,,,,
1,hielo,,,1,Ciudadana,,,,,,,,,,,,,,,,
1,patines,,,1,interceptados,,,,,,,,,,,,,,,,
1,Piscinas,,,1,vía,,,,,,,,,,,,,,,,
1,boxeo,,,1,autorización,,,,,,,,,,,,,,,,
1,lucha,,,1,relevancia,,,,,,,,,,,,,,,,
1,judo,,,1,incluida,,,,,,,,,,,,,,,,
1,Circuitos,,,1,brote,,,,,,,,,,,,,,,,
1,permanentes,,,,,,,,,,,,,,,,,,,,
1,motocicletas,,,,,,,,,,,,,,,,,,,,
1,automóviles,,,,,,,,,,,,,,,,,,,,
1,Velódromos,,,,,,,,,,,,,,,,,,,,
1,Hipódromos,,,,,,,,,,,,,,,,,,,,
1,canódromos,,,,,,,,,,,,,,,,,,,,
1,Frontones,,,,,,,,,,,,,,,,,,,,
1,trinquetes,,,,,,,,,,,,,,,,,,,,
1,pistas,,,,,,,,,,,,,,,,,,,,
1,squash,,,,,,,,,,,,,,,,,,,,
1,Polideportivos,,,,,,,,,,,,,,,,,,,,
1,Boleras,,,,,,,,,,,,,,,,,,,,
1,billar,,,,,,,,,,,,,,,,,,,,
1,Gimnasios,,,,,,,,,,,,,,,,,,,,
1,atletismo,,,,,,,,,,,,,,,,,,,,
1,Estadios,,,,,,,,,,,,,,,,,,,,
1,Espacios,,,,,,,,,,,,,,,,,,,,
1,carreras,,,,,,,,,,,,,,,,,,,,
1,pedestres,,,,,,,,,,,,,,,,,,,,
1,pruebas,,,,,,,,,,,,,,,,,,,,
1,ciclistas,,,,,,,,,,,,,,,,,,,,
1,motociclistas,,,,,,,,,,,,,,,,,,,,
1,automovilísticas,,,,,,,,,,,,,,,,,,,,
1,motocross,,,,,,,,,,,,,,,,,,,,
1,trial,,,,,,,,,,,,,,,,,,,,
1,náuticas,,,,,,,,,,,,,,,,,,,,
1,aeronáuticas,,,,,,,,,,,,,,,,,,,,
1,Actividades,,,,,,,,,,,,,,,,,,,,
1,Discotecas,,,,,,,,,,,,,,,,,,,,
1,salas,,,,,,,,,,,,,,,,,,,,
1,juventud,,,,,,,,,,,,,,,,,,,,
1,Deportivo,,,,,,,,,,,,,,,,,,,,
1,espectadores,,,,,,,,,,,,,,,,,,,,
1,destinados,,,,,,,,,,,,,,,,,,,,
1,deportivo,,,,,,,,,,,,,,,,,,,,
1,Casinos,,,,,,,,,,,,,,,,,,,,
1,Establecimientos,,,,,,,,,,,,,,,,,,,,
1,juegos,,,,,,,,,,,,,,,,,,,,
1,dinero,,,,,,,,,,,,,,,,,,,,
1,azar,,,,,,,,,,,,,,,,,,,,
1,Rifas,,,,,,,,,,,,,,,,,,,,
1,tómbolas,,,,,,,,,,,,,,,,,,,,
1,conforme,,,,,,,,,,,,,,,,,,,,
1,normativa,,,,,,,,,,,,,,,,,,,,
1,sectorial,,,,,,,,,,,,,,,,,,,,
1,atracciones,,,,,,,,,,,,,,,,,,,,
1,ferias,,,,,,,,,,,,,,,,,,,,
1,acuáticos,,,,,,,,,,,,,,,,,,,,
1,Casetas,,,,,,,,,,,,,,,,,,,,
1,feria,,,,,,,,,,,,,,,,,,,,
1,zoológicos,,,,,,,,,,,,,,,,,,,,
1,infantiles,,,,,,,,,,,,,,,,,,,,
1,Recintos,,,,,,,,,,,,,,,,,,,,
1,Verbenas,,,,,,,,,,,,,,,,,,,,
1,manifestaciones,,,,,,,,,,,,,,,,,,,,
1,folclóricas,,,,,,,,,,,,,,,,,,,,
1,especiales,,,,,,,,,,,,,,,,,,,,
1,Tabernas,,,,,,,,,,,,,,,,,,,,
1,bodegas,,,,,,,,,,,,,,,,,,,,
1,Cafeterías,,,,,,,,,,,,,,,,,,,,
1,café,,,,,,,,,,,,,,,,,,,,
1,Chocolaterías,,,,,,,,,,,,,,,,,,,,
1,heladerías,,,,,,,,,,,,,,,,,,,,
1,salones,,,,,,,,,,,,,,,,,,,,
1,té,,,,,,,,,,,,,,,,,,,,
1,croissanteries,,,,,,,,,,,,,,,,,,,,
1,Restaurantes,,,,,,,,,,,,,,,,,,,,
1,autoservicios,,,,,,,,,,,,,,,,,,,,
1,restaurante,,,,,,,,,,,,,,,,,,,,
1,restaurantes,,,,,,,,,,,,,,,,,,,,
1,hoteles,,,,,,,,,,,,,,,,,,,,
1,huéspedes,,,,,,,,,,,,,,,,,,,,
1,banquetes,,,,,,,,,,,,,,,,,,,,
1,Terrazas,,,,,,,,,,,,,,,,,,,,
